2026-06-03 01:57:50,482 - easytorch-training - INFO - Initializing training.
2026-06-03 01:57:50,482 - easytorch-training - INFO - Building training data loader.
2026-06-03 01:57:51,333 - easytorch-training - INFO - Set optim: Adam (
Parameter Group 0
    amsgrad: False
    betas: (0.9, 0.999)
    capturable: False
    decoupled_weight_decay: False
    differentiable: False
    eps: 1e-08
    foreach: None
    fused: None
    lr: 0.002
    maximize: False
    weight_decay: 0.0001
)
2026-06-03 01:57:51,333 - easytorch-training - INFO - Set lr_scheduler: <torch.optim.lr_scheduler.MultiStepLR object at 0x7da600bed1f0>
2026-06-03 01:57:51,335 - easytorch-training - INFO - Initializing validation.
2026-06-03 01:57:51,335 - easytorch-training - INFO - Building val data loader.
2026-06-03 01:57:51,791 - easytorch-training - INFO - Epoch 1 / 100
2026-06-03 01:58:02,566 - easytorch-training - INFO - Result <train>: [train_time: 10.77 (s), lr: 2.00e-03, train_MAE: 81.5402, train_RMSE: 95.3695, train_MAPE: 1.2060]
2026-06-03 01:58:02,568 - easytorch-training - INFO - Start validation.
2026-06-03 01:58:03,311 - easytorch-training - INFO - Result <val>: [val_time: 0.74 (s), val_MAE: 46.2930, val_RMSE: 60.9290, val_MAPE: 0.5210]
2026-06-03 01:58:03,343 - easytorch-training - INFO - Checkpoint checkpoints/KASA_v2_100_v3_base_mapper_plus_prior_kan_seed4/e8933f7750d7f87c085bb283f9c53551/KASA_v2_best_val_MAE.pt saved
2026-06-03 01:58:04,527 - easytorch-training - INFO - Evaluate best model on test data for horizon 1, Test MAE: 46.2077, Test RMSE: 62.3301, Test MAPE: 0.5127
2026-06-03 01:58:04,529 - easytorch-training - INFO - Evaluate best model on test data for horizon 2, Test MAE: 46.2192, Test RMSE: 62.3400, Test MAPE: 0.5127
2026-06-03 01:58:04,532 - easytorch-training - INFO - Evaluate best model on test data for horizon 3, Test MAE: 30.6740, Test RMSE: 47.7002, Test MAPE: 0.2188
2026-06-03 01:58:04,534 - easytorch-training - INFO - Evaluate best model on test data for horizon 4, Test MAE: 46.2419, Test RMSE: 62.3569, Test MAPE: 0.5127
2026-06-03 01:58:04,537 - easytorch-training - INFO - Evaluate best model on test data for horizon 5, Test MAE: 46.2523, Test RMSE: 62.3641, Test MAPE: 0.5128
2026-06-03 01:58:04,539 - easytorch-training - INFO - Evaluate best model on test data for horizon 6, Test MAE: 46.2628, Test RMSE: 62.3714, Test MAPE: 0.5128
2026-06-03 01:58:04,542 - easytorch-training - INFO - Evaluate best model on test data for horizon 7, Test MAE: 46.2727, Test RMSE: 62.3790, Test MAPE: 0.5129
2026-06-03 01:58:04,544 - easytorch-training - INFO - Evaluate best model on test data for horizon 8, Test MAE: 46.2831, Test RMSE: 62.3859, Test MAPE: 0.5130
2026-06-03 01:58:04,547 - easytorch-training - INFO - Evaluate best model on test data for horizon 9, Test MAE: 46.2925, Test RMSE: 62.3918, Test MAPE: 0.5131
2026-06-03 01:58:04,549 - easytorch-training - INFO - Evaluate best model on test data for horizon 10, Test MAE: 46.3018, Test RMSE: 62.3978, Test MAPE: 0.5132
2026-06-03 01:58:04,551 - easytorch-training - INFO - Evaluate best model on test data for horizon 11, Test MAE: 46.3129, Test RMSE: 62.4046, Test MAPE: 0.5134
2026-06-03 01:58:04,554 - easytorch-training - INFO - Evaluate best model on test data for horizon 12, Test MAE: 46.3217, Test RMSE: 62.4107, Test MAPE: 0.5135
2026-06-03 01:58:04,657 - easytorch-training - INFO - Result <test>: [test_time: 1.31 (s), test_MAE: 44.9702, test_RMSE: 61.2871, test_MAPE: 0.4885]
2026-06-03 01:58:04,683 - easytorch-training - INFO - Checkpoint checkpoints/KASA_v2_100_v3_base_mapper_plus_prior_kan_seed4/e8933f7750d7f87c085bb283f9c53551/KASA_v2_001.pt saved
2026-06-03 01:58:04,683 - easytorch-training - INFO - The estimated training finish time is 2026-06-03 02:19:21
2026-06-03 01:58:04,683 - easytorch-training - INFO - Epoch 2 / 100
2026-06-03 01:58:14,702 - easytorch-training - INFO - Result <train>: [train_time: 10.02 (s), lr: 1.00e-03, train_MAE: 43.0047, train_RMSE: 60.9714, train_MAPE: 0.4188]
2026-06-03 01:58:14,704 - easytorch-training - INFO - Start validation.
2026-06-03 01:58:15,472 - easytorch-training - INFO - Result <val>: [val_time: 0.77 (s), val_MAE: 41.9933, val_RMSE: 58.2519, val_MAPE: 0.3030]
2026-06-03 01:58:15,513 - easytorch-training - INFO - Checkpoint checkpoints/KASA_v2_100_v3_base_mapper_plus_prior_kan_seed4/e8933f7750d7f87c085bb283f9c53551/KASA_v2_best_val_MAE.pt saved
2026-06-03 01:58:16,684 - easytorch-training - INFO - Evaluate best model on test data for horizon 1, Test MAE: 41.8252, Test RMSE: 61.1083, Test MAPE: 0.3026
2026-06-03 01:58:16,687 - easytorch-training - INFO - Evaluate best model on test data for horizon 2, Test MAE: 41.8352, Test RMSE: 61.1167, Test MAPE: 0.3027
2026-06-03 01:58:16,689 - easytorch-training - INFO - Evaluate best model on test data for horizon 3, Test MAE: 31.2466, Test RMSE: 48.7467, Test MAPE: 0.2135
2026-06-03 01:58:16,691 - easytorch-training - INFO - Evaluate best model on test data for horizon 4, Test MAE: 41.8470, Test RMSE: 61.1220, Test MAPE: 0.3028
2026-06-03 01:58:16,693 - easytorch-training - INFO - Evaluate best model on test data for horizon 5, Test MAE: 41.8530, Test RMSE: 61.1253, Test MAPE: 0.3029
2026-06-03 01:58:16,696 - easytorch-training - INFO - Evaluate best model on test data for horizon 6, Test MAE: 41.8561, Test RMSE: 61.1232, Test MAPE: 0.3030
2026-06-03 01:58:16,698 - easytorch-training - INFO - Evaluate best model on test data for horizon 7, Test MAE: 41.8619, Test RMSE: 61.1302, Test MAPE: 0.3031
2026-06-03 01:58:16,700 - easytorch-training - INFO - Evaluate best model on test data for horizon 8, Test MAE: 41.8642, Test RMSE: 61.1310, Test MAPE: 0.3032
2026-06-03 01:58:16,702 - easytorch-training - INFO - Evaluate best model on test data for horizon 9, Test MAE: 41.8664, Test RMSE: 61.1319, Test MAPE: 0.3032
2026-06-03 01:58:16,705 - easytorch-training - INFO - Evaluate best model on test data for horizon 10, Test MAE: 41.8637, Test RMSE: 61.1216, Test MAPE: 0.3033
2026-06-03 01:58:16,707 - easytorch-training - INFO - Evaluate best model on test data for horizon 11, Test MAE: 41.8715, Test RMSE: 61.1327, Test MAPE: 0.3034
2026-06-03 01:58:16,709 - easytorch-training - INFO - Evaluate best model on test data for horizon 12, Test MAE: 41.8730, Test RMSE: 61.1329, Test MAPE: 0.3034
2026-06-03 01:58:16,798 - easytorch-training - INFO - Result <test>: [test_time: 1.29 (s), test_MAE: 40.9720, test_RMSE: 60.1909, test_MAPE: 0.2956]
2026-06-03 01:58:16,821 - easytorch-training - INFO - Checkpoint checkpoints/KASA_v2_100_v3_base_mapper_plus_prior_kan_seed4/e8933f7750d7f87c085bb283f9c53551/KASA_v2_002.pt saved
2026-06-03 01:58:16,821 - easytorch-training - INFO - The estimated training finish time is 2026-06-03 02:18:43
2026-06-03 01:58:16,821 - easytorch-training - INFO - Epoch 3 / 100
2026-06-03 01:58:26,587 - easytorch-training - INFO - Result <train>: [train_time: 9.77 (s), lr: 1.00e-03, train_MAE: 36.2354, train_RMSE: 53.9953, train_MAPE: 0.2966]
2026-06-03 01:58:26,589 - easytorch-training - INFO - Start validation.
2026-06-03 01:58:27,362 - easytorch-training - INFO - Result <val>: [val_time: 0.77 (s), val_MAE: 31.6337, val_RMSE: 46.2465, val_MAPE: 0.2347]
2026-06-03 01:58:27,403 - easytorch-training - INFO - Checkpoint checkpoints/KASA_v2_100_v3_base_mapper_plus_prior_kan_seed4/e8933f7750d7f87c085bb283f9c53551/KASA_v2_best_val_MAE.pt saved
2026-06-03 01:58:28,517 - easytorch-training - INFO - Evaluate best model on test data for horizon 1, Test MAE: 30.5701, Test RMSE: 47.1319, Test MAPE: 0.2185
2026-06-03 01:58:28,520 - easytorch-training - INFO - Evaluate best model on test data for horizon 2, Test MAE: 31.1737, Test RMSE: 47.8372, Test MAPE: 0.2214
2026-06-03 01:58:28,522 - easytorch-training - INFO - Evaluate best model on test data for horizon 3, Test MAE: 33.4502, Test RMSE: 48.5410, Test MAPE: 0.2798
2026-06-03 01:58:28,524 - easytorch-training - INFO - Evaluate best model on test data for horizon 4, Test MAE: 30.9239, Test RMSE: 47.4726, Test MAPE: 0.2234
2026-06-03 01:58:28,526 - easytorch-training - INFO - Evaluate best model on test data for horizon 5, Test MAE: 31.0547, Test RMSE: 47.6348, Test MAPE: 0.2276
2026-06-03 01:58:28,528 - easytorch-training - INFO - Evaluate best model on test data for horizon 6, Test MAE: 31.2242, Test RMSE: 47.8501, Test MAPE: 0.2275
2026-06-03 01:58:28,531 - easytorch-training - INFO - Evaluate best model on test data for horizon 7, Test MAE: 31.3632, Test RMSE: 47.9883, Test MAPE: 0.2292
2026-06-03 01:58:28,533 - easytorch-training - INFO - Evaluate best model on test data for horizon 8, Test MAE: 31.5607, Test RMSE: 48.2763, Test MAPE: 0.2303
2026-06-03 01:58:28,535 - easytorch-training - INFO - Evaluate best model on test data for horizon 9, Test MAE: 31.7923, Test RMSE: 48.5627, Test MAPE: 0.2293
2026-06-03 01:58:28,537 - easytorch-training - INFO - Evaluate best model on test data for horizon 10, Test MAE: 31.9000, Test RMSE: 48.6576, Test MAPE: 0.2354
2026-06-03 01:58:28,539 - easytorch-training - INFO - Evaluate best model on test data for horizon 11, Test MAE: 32.1146, Test RMSE: 48.9343, Test MAPE: 0.2386
2026-06-03 01:58:28,541 - easytorch-training - INFO - Evaluate best model on test data for horizon 12, Test MAE: 32.3294, Test RMSE: 49.1257, Test MAPE: 0.2440
2026-06-03 01:58:28,631 - easytorch-training - INFO - Result <test>: [test_time: 1.23 (s), test_MAE: 31.6214, test_RMSE: 48.1713, test_MAPE: 0.2338]
2026-06-03 01:58:28,654 - easytorch-training - INFO - Checkpoint checkpoints/KASA_v2_100_v3_base_mapper_plus_prior_kan_seed4/e8933f7750d7f87c085bb283f9c53551/KASA_v2_003.pt saved
2026-06-03 01:58:28,654 - easytorch-training - INFO - The estimated training finish time is 2026-06-03 02:18:20
2026-06-03 01:58:28,654 - easytorch-training - INFO - Epoch 4 / 100
2026-06-03 01:58:38,570 - easytorch-training - INFO - Result <train>: [train_time: 9.92 (s), lr: 1.00e-03, train_MAE: 30.4693, train_RMSE: 46.6698, train_MAPE: 0.2468]
2026-06-03 01:58:38,571 - easytorch-training - INFO - Start validation.
2026-06-03 01:58:39,323 - easytorch-training - INFO - Result <val>: [val_time: 0.75 (s), val_MAE: 29.5134, val_RMSE: 43.3662, val_MAPE: 0.2283]
2026-06-03 01:58:39,353 - easytorch-training - INFO - Checkpoint checkpoints/KASA_v2_100_v3_base_mapper_plus_prior_kan_seed4/e8933f7750d7f87c085bb283f9c53551/KASA_v2_best_val_MAE.pt saved
2026-06-03 01:58:40,476 - easytorch-training - INFO - Evaluate best model on test data for horizon 1, Test MAE: 28.4575, Test RMSE: 44.0541, Test MAPE: 0.2086
2026-06-03 01:58:40,478 - easytorch-training - INFO - Evaluate best model on test data for horizon 2, Test MAE: 28.8029, Test RMSE: 44.3408, Test MAPE: 0.2059
2026-06-03 01:58:40,480 - easytorch-training - INFO - Evaluate best model on test data for horizon 3, Test MAE: 28.5330, Test RMSE: 44.1551, Test MAPE: 0.1977
2026-06-03 01:58:40,482 - easytorch-training - INFO - Evaluate best model on test data for horizon 4, Test MAE: 29.3921, Test RMSE: 45.2387, Test MAPE: 0.2183
2026-06-03 01:58:40,485 - easytorch-training - INFO - Evaluate best model on test data for horizon 5, Test MAE: 29.2175, Test RMSE: 45.0465, Test MAPE: 0.2142
2026-06-03 01:58:40,487 - easytorch-training - INFO - Evaluate best model on test data for horizon 6, Test MAE: 29.4494, Test RMSE: 45.3361, Test MAPE: 0.2201
2026-06-03 01:58:40,489 - easytorch-training - INFO - Evaluate best model on test data for horizon 7, Test MAE: 30.7827, Test RMSE: 46.8477, Test MAPE: 0.2437
2026-06-03 01:58:40,491 - easytorch-training - INFO - Evaluate best model on test data for horizon 8, Test MAE: 30.4234, Test RMSE: 46.4239, Test MAPE: 0.2348
2026-06-03 01:58:40,493 - easytorch-training - INFO - Evaluate best model on test data for horizon 9, Test MAE: 30.3598, Test RMSE: 46.4388, Test MAPE: 0.2326
2026-06-03 01:58:40,496 - easytorch-training - INFO - Evaluate best model on test data for horizon 10, Test MAE: 31.1142, Test RMSE: 47.3116, Test MAPE: 0.2485
2026-06-03 01:58:40,498 - easytorch-training - INFO - Evaluate best model on test data for horizon 11, Test MAE: 31.5990, Test RMSE: 47.8920, Test MAPE: 0.2555
2026-06-03 01:58:40,500 - easytorch-training - INFO - Evaluate best model on test data for horizon 12, Test MAE: 31.2689, Test RMSE: 47.5376, Test MAPE: 0.2561
2026-06-03 01:58:40,591 - easytorch-training - INFO - Result <test>: [test_time: 1.24 (s), test_MAE: 29.9500, test_RMSE: 45.9038, test_MAPE: 0.2280]
2026-06-03 01:58:40,622 - easytorch-training - INFO - Checkpoint checkpoints/KASA_v2_100_v3_base_mapper_plus_prior_kan_seed4/e8933f7750d7f87c085bb283f9c53551/KASA_v2_004.pt saved
2026-06-03 01:58:40,622 - easytorch-training - INFO - The estimated training finish time is 2026-06-03 02:18:12
2026-06-03 01:58:40,622 - easytorch-training - INFO - Epoch 5 / 100
2026-06-03 01:58:50,661 - easytorch-training - INFO - Result <train>: [train_time: 10.04 (s), lr: 1.00e-03, train_MAE: 28.7802, train_RMSE: 44.3308, train_MAPE: 0.2309]
2026-06-03 01:58:50,662 - easytorch-training - INFO - Start validation.
2026-06-03 01:58:51,457 - easytorch-training - INFO - Result <val>: [val_time: 0.79 (s), val_MAE: 29.9869, val_RMSE: 44.2922, val_MAPE: 0.2161]
2026-06-03 01:58:52,578 - easytorch-training - INFO - Evaluate best model on test data for horizon 1, Test MAE: 28.2341, Test RMSE: 43.9017, Test MAPE: 0.2015
2026-06-03 01:58:52,581 - easytorch-training - INFO - Evaluate best model on test data for horizon 2, Test MAE: 30.0407, Test RMSE: 46.7785, Test MAPE: 0.2109
2026-06-03 01:58:52,583 - easytorch-training - INFO - Evaluate best model on test data for horizon 3, Test MAE: 30.2424, Test RMSE: 44.4196, Test MAPE: 0.2332
2026-06-03 01:58:52,585 - easytorch-training - INFO - Evaluate best model on test data for horizon 4, Test MAE: 30.7937, Test RMSE: 47.6382, Test MAPE: 0.2209
2026-06-03 01:58:52,587 - easytorch-training - INFO - Evaluate best model on test data for horizon 5, Test MAE: 30.9316, Test RMSE: 47.5770, Test MAPE: 0.2272
2026-06-03 01:58:52,590 - easytorch-training - INFO - Evaluate best model on test data for horizon 6, Test MAE: 31.1893, Test RMSE: 48.0302, Test MAPE: 0.2283
2026-06-03 01:58:52,592 - easytorch-training - INFO - Evaluate best model on test data for horizon 7, Test MAE: 30.2182, Test RMSE: 47.4238, Test MAPE: 0.2095
2026-06-03 01:58:52,594 - easytorch-training - INFO - Evaluate best model on test data for horizon 8, Test MAE: 31.3990, Test RMSE: 48.6359, Test MAPE: 0.2274
2026-06-03 01:58:52,596 - easytorch-training - INFO - Evaluate best model on test data for horizon 9, Test MAE: 30.5177, Test RMSE: 47.2807, Test MAPE: 0.2232
2026-06-03 01:58:52,598 - easytorch-training - INFO - Evaluate best model on test data for horizon 10, Test MAE: 31.4267, Test RMSE: 48.5421, Test MAPE: 0.2290
2026-06-03 01:58:52,601 - easytorch-training - INFO - Evaluate best model on test data for horizon 11, Test MAE: 31.1358, Test RMSE: 48.3832, Test MAPE: 0.2248
2026-06-03 01:58:52,603 - easytorch-training - INFO - Evaluate best model on test data for horizon 12, Test MAE: 31.7551, Test RMSE: 48.8482, Test MAPE: 0.2359
2026-06-03 01:58:52,697 - easytorch-training - INFO - Result <test>: [test_time: 1.24 (s), test_MAE: 30.6570, test_RMSE: 47.3127, test_MAPE: 0.2226]
2026-06-03 01:58:52,720 - easytorch-training - INFO - Checkpoint checkpoints/KASA_v2_100_v3_base_mapper_plus_prior_kan_seed4/e8933f7750d7f87c085bb283f9c53551/KASA_v2_005.pt saved
2026-06-03 01:58:52,720 - easytorch-training - INFO - The estimated training finish time is 2026-06-03 02:18:10
2026-06-03 01:58:52,720 - easytorch-training - INFO - Epoch 6 / 100
2026-06-03 01:59:02,582 - easytorch-training - INFO - Result <train>: [train_time: 9.86 (s), lr: 1.00e-03, train_MAE: 27.7755, train_RMSE: 42.9126, train_MAPE: 0.2203]
2026-06-03 01:59:02,583 - easytorch-training - INFO - Start validation.
2026-06-03 01:59:03,320 - easytorch-training - INFO - Result <val>: [val_time: 0.74 (s), val_MAE: 26.9109, val_RMSE: 40.0777, val_MAPE: 0.1897]
2026-06-03 01:59:03,345 - easytorch-training - INFO - Checkpoint checkpoints/KASA_v2_100_v3_base_mapper_plus_prior_kan_seed4/e8933f7750d7f87c085bb283f9c53551/KASA_v2_best_val_MAE.pt saved
2026-06-03 01:59:04,534 - easytorch-training - INFO - Evaluate best model on test data for horizon 1, Test MAE: 26.6461, Test RMSE: 41.6395, Test MAPE: 0.1851
2026-06-03 01:59:04,537 - easytorch-training - INFO - Evaluate best model on test data for horizon 2, Test MAE: 26.8967, Test RMSE: 41.7521, Test MAPE: 0.1855
2026-06-03 01:59:04,540 - easytorch-training - INFO - Evaluate best model on test data for horizon 3, Test MAE: 26.5340, Test RMSE: 41.4142, Test MAPE: 0.1975
2026-06-03 01:59:04,542 - easytorch-training - INFO - Evaluate best model on test data for horizon 4, Test MAE: 27.1341, Test RMSE: 42.2790, Test MAPE: 0.1894
2026-06-03 01:59:04,545 - easytorch-training - INFO - Evaluate best model on test data for horizon 5, Test MAE: 27.4637, Test RMSE: 42.9122, Test MAPE: 0.1952
2026-06-03 01:59:04,547 - easytorch-training - INFO - Evaluate best model on test data for horizon 6, Test MAE: 27.6233, Test RMSE: 43.1351, Test MAPE: 0.1965
2026-06-03 01:59:04,549 - easytorch-training - INFO - Evaluate best model on test data for horizon 7, Test MAE: 27.9984, Test RMSE: 43.2845, Test MAPE: 0.1925
2026-06-03 01:59:04,552 - easytorch-training - INFO - Evaluate best model on test data for horizon 8, Test MAE: 27.9835, Test RMSE: 43.4025, Test MAPE: 0.1950
2026-06-03 01:59:04,554 - easytorch-training - INFO - Evaluate best model on test data for horizon 9, Test MAE: 28.1412, Test RMSE: 43.6663, Test MAPE: 0.2005
2026-06-03 01:59:04,557 - easytorch-training - INFO - Evaluate best model on test data for horizon 10, Test MAE: 28.4338, Test RMSE: 44.0881, Test MAPE: 0.2009
2026-06-03 01:59:04,559 - easytorch-training - INFO - Evaluate best model on test data for horizon 11, Test MAE: 28.5974, Test RMSE: 44.3440, Test MAPE: 0.2029
2026-06-03 01:59:04,562 - easytorch-training - INFO - Evaluate best model on test data for horizon 12, Test MAE: 28.7989, Test RMSE: 44.6131, Test MAPE: 0.2053
2026-06-03 01:59:04,659 - easytorch-training - INFO - Result <test>: [test_time: 1.31 (s), test_MAE: 27.6876, test_RMSE: 43.0566, test_MAPE: 0.1955]
2026-06-03 01:59:04,686 - easytorch-training - INFO - Checkpoint checkpoints/KASA_v2_100_v3_base_mapper_plus_prior_kan_seed4/e8933f7750d7f87c085bb283f9c53551/KASA_v2_006.pt saved
2026-06-03 01:59:04,686 - easytorch-training - INFO - The estimated training finish time is 2026-06-03 02:18:06
2026-06-03 01:59:04,686 - easytorch-training - INFO - Epoch 7 / 100
2026-06-03 01:59:15,236 - easytorch-training - INFO - Result <train>: [train_time: 10.55 (s), lr: 1.00e-03, train_MAE: 26.9099, train_RMSE: 41.7361, train_MAPE: 0.2113]
2026-06-03 01:59:15,238 - easytorch-training - INFO - Start validation.
2026-06-03 01:59:16,021 - easytorch-training - INFO - Result <val>: [val_time: 0.78 (s), val_MAE: 27.2170, val_RMSE: 40.4514, val_MAPE: 0.1974]
2026-06-03 01:59:17,158 - easytorch-training - INFO - Evaluate best model on test data for horizon 1, Test MAE: 27.7214, Test RMSE: 43.3122, Test MAPE: 0.1956
2026-06-03 01:59:17,160 - easytorch-training - INFO - Evaluate best model on test data for horizon 2, Test MAE: 27.5897, Test RMSE: 43.0183, Test MAPE: 0.2005
2026-06-03 01:59:17,163 - easytorch-training - INFO - Evaluate best model on test data for horizon 3, Test MAE: 28.7898, Test RMSE: 43.1302, Test MAPE: 0.2079
2026-06-03 01:59:17,165 - easytorch-training - INFO - Evaluate best model on test data for horizon 4, Test MAE: 27.9711, Test RMSE: 43.5172, Test MAPE: 0.2034
2026-06-03 01:59:17,168 - easytorch-training - INFO - Evaluate best model on test data for horizon 5, Test MAE: 27.6945, Test RMSE: 43.2400, Test MAPE: 0.2000
2026-06-03 01:59:17,170 - easytorch-training - INFO - Evaluate best model on test data for horizon 6, Test MAE: 28.0944, Test RMSE: 43.7092, Test MAPE: 0.2072
2026-06-03 01:59:17,173 - easytorch-training - INFO - Evaluate best model on test data for horizon 7, Test MAE: 28.1450, Test RMSE: 43.8909, Test MAPE: 0.2047
2026-06-03 01:59:17,175 - easytorch-training - INFO - Evaluate best model on test data for horizon 8, Test MAE: 27.7396, Test RMSE: 43.3328, Test MAPE: 0.2011
2026-06-03 01:59:17,178 - easytorch-training - INFO - Evaluate best model on test data for horizon 9, Test MAE: 27.5215, Test RMSE: 42.9856, Test MAPE: 0.1996
2026-06-03 01:59:17,180 - easytorch-training - INFO - Evaluate best model on test data for horizon 10, Test MAE: 27.5569, Test RMSE: 42.9468, Test MAPE: 0.1907
2026-06-03 01:59:17,182 - easytorch-training - INFO - Evaluate best model on test data for horizon 11, Test MAE: 28.1002, Test RMSE: 43.9168, Test MAPE: 0.2002
2026-06-03 01:59:17,185 - easytorch-training - INFO - Evaluate best model on test data for horizon 12, Test MAE: 27.8016, Test RMSE: 43.3474, Test MAPE: 0.1952
2026-06-03 01:59:17,295 - easytorch-training - INFO - Result <test>: [test_time: 1.27 (s), test_MAE: 27.8938, test_RMSE: 43.3635, test_MAPE: 0.2005]
2026-06-03 01:59:17,319 - easytorch-training - INFO - Checkpoint checkpoints/KASA_v2_100_v3_base_mapper_plus_prior_kan_seed4/e8933f7750d7f87c085bb283f9c53551/KASA_v2_007.pt saved
2026-06-03 01:59:17,319 - easytorch-training - INFO - The estimated training finish time is 2026-06-03 02:18:13
2026-06-03 01:59:17,319 - easytorch-training - INFO - Epoch 8 / 100
2026-06-03 01:59:27,594 - easytorch-training - INFO - Result <train>: [train_time: 10.27 (s), lr: 1.00e-03, train_MAE: 26.2818, train_RMSE: 40.8850, train_MAPE: 0.2053]
2026-06-03 01:59:27,596 - easytorch-training - INFO - Start validation.
2026-06-03 01:59:28,390 - easytorch-training - INFO - Result <val>: [val_time: 0.79 (s), val_MAE: 29.1023, val_RMSE: 41.7573, val_MAPE: 0.1968]
2026-06-03 01:59:29,619 - easytorch-training - INFO - Evaluate best model on test data for horizon 1, Test MAE: 28.9843, Test RMSE: 43.1670, Test MAPE: 0.1949
2026-06-03 01:59:29,623 - easytorch-training - INFO - Evaluate best model on test data for horizon 2, Test MAE: 29.8965, Test RMSE: 44.3044, Test MAPE: 0.2018
2026-06-03 01:59:29,625 - easytorch-training - INFO - Evaluate best model on test data for horizon 3, Test MAE: 29.8931, Test RMSE: 43.6131, Test MAPE: 0.2176
2026-06-03 01:59:29,627 - easytorch-training - INFO - Evaluate best model on test data for horizon 4, Test MAE: 28.6789, Test RMSE: 43.1429, Test MAPE: 0.1925
2026-06-03 01:59:29,630 - easytorch-training - INFO - Evaluate best model on test data for horizon 5, Test MAE: 29.6142, Test RMSE: 44.2597, Test MAPE: 0.1983
2026-06-03 01:59:29,632 - easytorch-training - INFO - Evaluate best model on test data for horizon 6, Test MAE: 29.4374, Test RMSE: 44.1481, Test MAPE: 0.1976
2026-06-03 01:59:29,635 - easytorch-training - INFO - Evaluate best model on test data for horizon 7, Test MAE: 30.1769, Test RMSE: 45.1416, Test MAPE: 0.2010
2026-06-03 01:59:29,637 - easytorch-training - INFO - Evaluate best model on test data for horizon 8, Test MAE: 29.2978, Test RMSE: 44.2822, Test MAPE: 0.1970
2026-06-03 01:59:29,640 - easytorch-training - INFO - Evaluate best model on test data for horizon 9, Test MAE: 30.1041, Test RMSE: 45.2525, Test MAPE: 0.2006
2026-06-03 01:59:29,642 - easytorch-training - INFO - Evaluate best model on test data for horizon 10, Test MAE: 30.0722, Test RMSE: 45.2882, Test MAPE: 0.2017
2026-06-03 01:59:29,644 - easytorch-training - INFO - Evaluate best model on test data for horizon 11, Test MAE: 29.4713, Test RMSE: 44.7102, Test MAPE: 0.2036
2026-06-03 01:59:29,647 - easytorch-training - INFO - Evaluate best model on test data for horizon 12, Test MAE: 29.7311, Test RMSE: 45.0878, Test MAPE: 0.2040
2026-06-03 01:59:29,743 - easytorch-training - INFO - Result <test>: [test_time: 1.35 (s), test_MAE: 29.6132, test_RMSE: 44.3726, test_MAPE: 0.2009]
2026-06-03 01:59:29,768 - easytorch-training - INFO - Checkpoint checkpoints/KASA_v2_100_v3_base_mapper_plus_prior_kan_seed4/e8933f7750d7f87c085bb283f9c53551/KASA_v2_008.pt saved
2026-06-03 01:59:29,768 - easytorch-training - INFO - The estimated training finish time is 2026-06-03 02:18:16
2026-06-03 01:59:29,768 - easytorch-training - INFO - Epoch 9 / 100
2026-06-03 01:59:39,931 - easytorch-training - INFO - Result <train>: [train_time: 10.16 (s), lr: 1.00e-03, train_MAE: 25.7295, train_RMSE: 40.1238, train_MAPE: 0.2009]
2026-06-03 01:59:39,933 - easytorch-training - INFO - Start validation.
2026-06-03 01:59:40,721 - easytorch-training - INFO - Result <val>: [val_time: 0.79 (s), val_MAE: 26.3240, val_RMSE: 38.8011, val_MAPE: 0.1759]
2026-06-03 01:59:40,766 - easytorch-training - INFO - Checkpoint checkpoints/KASA_v2_100_v3_base_mapper_plus_prior_kan_seed4/e8933f7750d7f87c085bb283f9c53551/KASA_v2_best_val_MAE.pt saved
2026-06-03 01:59:41,888 - easytorch-training - INFO - Evaluate best model on test data for horizon 1, Test MAE: 25.1341, Test RMSE: 38.8323, Test MAPE: 0.1733
2026-06-03 01:59:41,891 - easytorch-training - INFO - Evaluate best model on test data for horizon 2, Test MAE: 25.4422, Test RMSE: 39.2840, Test MAPE: 0.1750
2026-06-03 01:59:41,894 - easytorch-training - INFO - Evaluate best model on test data for horizon 3, Test MAE: 25.3262, Test RMSE: 39.3790, Test MAPE: 0.1761
2026-06-03 01:59:41,896 - easytorch-training - INFO - Evaluate best model on test data for horizon 4, Test MAE: 26.4515, Test RMSE: 40.5102, Test MAPE: 0.1800
2026-06-03 01:59:41,898 - easytorch-training - INFO - Evaluate best model on test data for horizon 5, Test MAE: 26.4916, Test RMSE: 40.7869, Test MAPE: 0.1789
2026-06-03 01:59:41,901 - easytorch-training - INFO - Evaluate best model on test data for horizon 6, Test MAE: 26.6202, Test RMSE: 41.0708, Test MAPE: 0.1790
2026-06-03 01:59:41,903 - easytorch-training - INFO - Evaluate best model on test data for horizon 7, Test MAE: 27.1808, Test RMSE: 41.7123, Test MAPE: 0.1821
2026-06-03 01:59:41,906 - easytorch-training - INFO - Evaluate best model on test data for horizon 8, Test MAE: 28.2006, Test RMSE: 42.8092, Test MAPE: 0.1883
2026-06-03 01:59:41,908 - easytorch-training - INFO - Evaluate best model on test data for horizon 9, Test MAE: 27.4724, Test RMSE: 42.2793, Test MAPE: 0.1838
2026-06-03 01:59:41,910 - easytorch-training - INFO - Evaluate best model on test data for horizon 10, Test MAE: 27.6876, Test RMSE: 42.5735, Test MAPE: 0.1846
2026-06-03 01:59:41,913 - easytorch-training - INFO - Evaluate best model on test data for horizon 11, Test MAE: 28.3060, Test RMSE: 43.2850, Test MAPE: 0.1883
2026-06-03 01:59:41,915 - easytorch-training - INFO - Evaluate best model on test data for horizon 12, Test MAE: 27.5544, Test RMSE: 42.6182, Test MAPE: 0.1860
2026-06-03 01:59:42,012 - easytorch-training - INFO - Result <test>: [test_time: 1.24 (s), test_MAE: 26.8223, test_RMSE: 41.2875, test_MAPE: 0.1813]
2026-06-03 01:59:42,035 - easytorch-training - INFO - Checkpoint checkpoints/KASA_v2_100_v3_base_mapper_plus_prior_kan_seed4/e8933f7750d7f87c085bb283f9c53551/KASA_v2_009.pt saved
2026-06-03 01:59:42,035 - easytorch-training - INFO - The estimated training finish time is 2026-06-03 02:18:16
2026-06-03 01:59:42,035 - easytorch-training - INFO - Epoch 10 / 100
2026-06-03 01:59:52,147 - easytorch-training - INFO - Result <train>: [train_time: 10.11 (s), lr: 1.00e-03, train_MAE: 25.1829, train_RMSE: 39.3176, train_MAPE: 0.1965]
2026-06-03 01:59:52,148 - easytorch-training - INFO - Start validation.
2026-06-03 01:59:52,923 - easytorch-training - INFO - Result <val>: [val_time: 0.77 (s), val_MAE: 26.0346, val_RMSE: 38.2743, val_MAPE: 0.1754]
2026-06-03 01:59:52,967 - easytorch-training - INFO - Checkpoint checkpoints/KASA_v2_100_v3_base_mapper_plus_prior_kan_seed4/e8933f7750d7f87c085bb283f9c53551/KASA_v2_best_val_MAE.pt saved
2026-06-03 01:59:54,103 - easytorch-training - INFO - Evaluate best model on test data for horizon 1, Test MAE: 27.1224, Test RMSE: 40.4457, Test MAPE: 0.1875
2026-06-03 01:59:54,106 - easytorch-training - INFO - Evaluate best model on test data for horizon 2, Test MAE: 26.6326, Test RMSE: 40.1459, Test MAPE: 0.1828
2026-06-03 01:59:54,108 - easytorch-training - INFO - Evaluate best model on test data for horizon 3, Test MAE: 25.1910, Test RMSE: 38.8133, Test MAPE: 0.1743
2026-06-03 01:59:54,111 - easytorch-training - INFO - Evaluate best model on test data for horizon 4, Test MAE: 25.7803, Test RMSE: 39.6719, Test MAPE: 0.1761
2026-06-03 01:59:54,113 - easytorch-training - INFO - Evaluate best model on test data for horizon 5, Test MAE: 26.7562, Test RMSE: 40.6787, Test MAPE: 0.1815
2026-06-03 01:59:54,116 - easytorch-training - INFO - Evaluate best model on test data for horizon 6, Test MAE: 25.9358, Test RMSE: 40.1062, Test MAPE: 0.1768
2026-06-03 01:59:54,118 - easytorch-training - INFO - Evaluate best model on test data for horizon 7, Test MAE: 26.6885, Test RMSE: 40.8298, Test MAPE: 0.1811
2026-06-03 01:59:54,120 - easytorch-training - INFO - Evaluate best model on test data for horizon 8, Test MAE: 28.4514, Test RMSE: 42.6408, Test MAPE: 0.1926
2026-06-03 01:59:54,123 - easytorch-training - INFO - Evaluate best model on test data for horizon 9, Test MAE: 26.7339, Test RMSE: 41.1851, Test MAPE: 0.1802
2026-06-03 01:59:54,125 - easytorch-training - INFO - Evaluate best model on test data for horizon 10, Test MAE: 27.2529, Test RMSE: 41.7296, Test MAPE: 0.1831
2026-06-03 01:59:54,128 - easytorch-training - INFO - Evaluate best model on test data for horizon 11, Test MAE: 28.1365, Test RMSE: 42.6425, Test MAPE: 0.1887
2026-06-03 01:59:54,130 - easytorch-training - INFO - Evaluate best model on test data for horizon 12, Test MAE: 27.5640, Test RMSE: 42.2789, Test MAPE: 0.1854
2026-06-03 01:59:54,223 - easytorch-training - INFO - Result <test>: [test_time: 1.26 (s), test_MAE: 26.8538, test_RMSE: 40.9471, test_MAPE: 0.1825]
2026-06-03 01:59:54,246 - easytorch-training - INFO - Checkpoint checkpoints/KASA_v2_100_v3_base_mapper_plus_prior_kan_seed4/e8933f7750d7f87c085bb283f9c53551/KASA_v2_010.pt saved
2026-06-03 01:59:54,260 - easytorch-training - INFO - The estimated training finish time is 2026-06-03 02:18:16
2026-06-03 01:59:54,260 - easytorch-training - INFO - Epoch 11 / 100
2026-06-03 02:00:04,417 - easytorch-training - INFO - Result <train>: [train_time: 10.16 (s), lr: 1.00e-03, train_MAE: 24.7632, train_RMSE: 38.6917, train_MAPE: 0.1937]
2026-06-03 02:00:04,419 - easytorch-training - INFO - Start validation.
2026-06-03 02:00:05,185 - easytorch-training - INFO - Result <val>: [val_time: 0.77 (s), val_MAE: 25.2604, val_RMSE: 37.3500, val_MAPE: 0.1721]
2026-06-03 02:00:05,228 - easytorch-training - INFO - Checkpoint checkpoints/KASA_v2_100_v3_base_mapper_plus_prior_kan_seed4/e8933f7750d7f87c085bb283f9c53551/KASA_v2_best_val_MAE.pt saved
2026-06-03 02:00:06,331 - easytorch-training - INFO - Evaluate best model on test data for horizon 1, Test MAE: 24.7117, Test RMSE: 38.0581, Test MAPE: 0.1687
2026-06-03 02:00:06,333 - easytorch-training - INFO - Evaluate best model on test data for horizon 2, Test MAE: 24.9326, Test RMSE: 38.4066, Test MAPE: 0.1703
2026-06-03 02:00:06,336 - easytorch-training - INFO - Evaluate best model on test data for horizon 3, Test MAE: 26.7360, Test RMSE: 39.6665, Test MAPE: 0.1968
2026-06-03 02:00:06,338 - easytorch-training - INFO - Evaluate best model on test data for horizon 4, Test MAE: 25.0869, Test RMSE: 38.8255, Test MAPE: 0.1722
2026-06-03 02:00:06,341 - easytorch-training - INFO - Evaluate best model on test data for horizon 5, Test MAE: 25.6896, Test RMSE: 39.5366, Test MAPE: 0.1739
2026-06-03 02:00:06,343 - easytorch-training - INFO - Evaluate best model on test data for horizon 6, Test MAE: 25.8015, Test RMSE: 39.6975, Test MAPE: 0.1747
2026-06-03 02:00:06,345 - easytorch-training - INFO - Evaluate best model on test data for horizon 7, Test MAE: 25.6868, Test RMSE: 39.7123, Test MAPE: 0.1760
2026-06-03 02:00:06,348 - easytorch-training - INFO - Evaluate best model on test data for horizon 8, Test MAE: 26.0205, Test RMSE: 40.0907, Test MAPE: 0.1768
2026-06-03 02:00:06,350 - easytorch-training - INFO - Evaluate best model on test data for horizon 9, Test MAE: 26.0397, Test RMSE: 40.2019, Test MAPE: 0.1774
2026-06-03 02:00:06,353 - easytorch-training - INFO - Evaluate best model on test data for horizon 10, Test MAE: 26.7912, Test RMSE: 40.9997, Test MAPE: 0.1800
2026-06-03 02:00:06,355 - easytorch-training - INFO - Evaluate best model on test data for horizon 11, Test MAE: 26.7565, Test RMSE: 41.0934, Test MAPE: 0.1806
2026-06-03 02:00:06,358 - easytorch-training - INFO - Evaluate best model on test data for horizon 12, Test MAE: 27.9993, Test RMSE: 42.3255, Test MAPE: 0.1869
2026-06-03 02:00:06,455 - easytorch-training - INFO - Result <test>: [test_time: 1.23 (s), test_MAE: 26.0211, test_RMSE: 39.9009, test_MAPE: 0.1779]
2026-06-03 02:00:06,480 - easytorch-training - INFO - Checkpoint checkpoints/KASA_v2_100_v3_base_mapper_plus_prior_kan_seed4/e8933f7750d7f87c085bb283f9c53551/KASA_v2_011.pt saved
2026-06-03 02:00:06,480 - easytorch-training - INFO - The estimated training finish time is 2026-06-03 02:18:16
2026-06-03 02:00:06,480 - easytorch-training - INFO - Epoch 12 / 100
2026-06-03 02:00:17,111 - easytorch-training - INFO - Result <train>: [train_time: 10.63 (s), lr: 1.00e-03, train_MAE: 24.3671, train_RMSE: 38.1127, train_MAPE: 0.1909]
2026-06-03 02:00:17,114 - easytorch-training - INFO - Start validation.
2026-06-03 02:00:17,882 - easytorch-training - INFO - Result <val>: [val_time: 0.77 (s), val_MAE: 24.3719, val_RMSE: 36.3277, val_MAPE: 0.1712]
2026-06-03 02:00:17,929 - easytorch-training - INFO - Checkpoint checkpoints/KASA_v2_100_v3_base_mapper_plus_prior_kan_seed4/e8933f7750d7f87c085bb283f9c53551/KASA_v2_best_val_MAE.pt saved
2026-06-03 02:00:19,075 - easytorch-training - INFO - Evaluate best model on test data for horizon 1, Test MAE: 23.6937, Test RMSE: 36.8812, Test MAPE: 0.1660
2026-06-03 02:00:19,078 - easytorch-training - INFO - Evaluate best model on test data for horizon 2, Test MAE: 24.1016, Test RMSE: 37.4389, Test MAPE: 0.1668
2026-06-03 02:00:19,080 - easytorch-training - INFO - Evaluate best model on test data for horizon 3, Test MAE: 24.0843, Test RMSE: 37.3449, Test MAPE: 0.1722
2026-06-03 02:00:19,083 - easytorch-training - INFO - Evaluate best model on test data for horizon 4, Test MAE: 24.3235, Test RMSE: 37.9226, Test MAPE: 0.1707
2026-06-03 02:00:19,085 - easytorch-training - INFO - Evaluate best model on test data for horizon 5, Test MAE: 24.5924, Test RMSE: 38.3263, Test MAPE: 0.1719
2026-06-03 02:00:19,088 - easytorch-training - INFO - Evaluate best model on test data for horizon 6, Test MAE: 24.8201, Test RMSE: 38.5735, Test MAPE: 0.1799
2026-06-03 02:00:19,090 - easytorch-training - INFO - Evaluate best model on test data for horizon 7, Test MAE: 24.9779, Test RMSE: 38.8539, Test MAPE: 0.1787
2026-06-03 02:00:19,092 - easytorch-training - INFO - Evaluate best model on test data for horizon 8, Test MAE: 25.3608, Test RMSE: 39.3542, Test MAPE: 0.1749
2026-06-03 02:00:19,095 - easytorch-training - INFO - Evaluate best model on test data for horizon 9, Test MAE: 25.3232, Test RMSE: 39.4110, Test MAPE: 0.1777
2026-06-03 02:00:19,097 - easytorch-training - INFO - Evaluate best model on test data for horizon 10, Test MAE: 25.5818, Test RMSE: 39.7752, Test MAPE: 0.1783
2026-06-03 02:00:19,100 - easytorch-training - INFO - Evaluate best model on test data for horizon 11, Test MAE: 25.9165, Test RMSE: 40.1919, Test MAPE: 0.1789
2026-06-03 02:00:19,102 - easytorch-training - INFO - Evaluate best model on test data for horizon 12, Test MAE: 26.4464, Test RMSE: 40.8867, Test MAPE: 0.1808
2026-06-03 02:00:19,195 - easytorch-training - INFO - Result <test>: [test_time: 1.26 (s), test_MAE: 24.9352, test_RMSE: 38.7646, test_MAPE: 0.1747]
2026-06-03 02:00:19,218 - easytorch-training - INFO - Checkpoint checkpoints/KASA_v2_100_v3_base_mapper_plus_prior_kan_seed4/e8933f7750d7f87c085bb283f9c53551/KASA_v2_012.pt saved
2026-06-03 02:00:19,218 - easytorch-training - INFO - The estimated training finish time is 2026-06-03 02:18:20
2026-06-03 02:00:19,218 - easytorch-training - INFO - Epoch 13 / 100
2026-06-03 02:00:29,399 - easytorch-training - INFO - Result <train>: [train_time: 10.18 (s), lr: 1.00e-03, train_MAE: 23.8997, train_RMSE: 37.4805, train_MAPE: 0.1874]
2026-06-03 02:00:29,401 - easytorch-training - INFO - Start validation.
2026-06-03 02:00:30,204 - easytorch-training - INFO - Result <val>: [val_time: 0.80 (s), val_MAE: 23.8226, val_RMSE: 35.5914, val_MAPE: 0.1775]
2026-06-03 02:00:30,253 - easytorch-training - INFO - Checkpoint checkpoints/KASA_v2_100_v3_base_mapper_plus_prior_kan_seed4/e8933f7750d7f87c085bb283f9c53551/KASA_v2_best_val_MAE.pt saved
2026-06-03 02:00:31,378 - easytorch-training - INFO - Evaluate best model on test data for horizon 1, Test MAE: 23.1345, Test RMSE: 36.1708, Test MAPE: 0.1632
2026-06-03 02:00:31,381 - easytorch-training - INFO - Evaluate best model on test data for horizon 2, Test MAE: 23.4452, Test RMSE: 36.6487, Test MAPE: 0.1692
2026-06-03 02:00:31,383 - easytorch-training - INFO - Evaluate best model on test data for horizon 3, Test MAE: 23.7118, Test RMSE: 36.8911, Test MAPE: 0.1718
2026-06-03 02:00:31,386 - easytorch-training - INFO - Evaluate best model on test data for horizon 4, Test MAE: 24.4630, Test RMSE: 37.8629, Test MAPE: 0.1823
2026-06-03 02:00:31,388 - easytorch-training - INFO - Evaluate best model on test data for horizon 5, Test MAE: 24.7475, Test RMSE: 38.2723, Test MAPE: 0.1855
2026-06-03 02:00:31,391 - easytorch-training - INFO - Evaluate best model on test data for horizon 6, Test MAE: 24.4855, Test RMSE: 38.0823, Test MAPE: 0.1811
2026-06-03 02:00:31,393 - easytorch-training - INFO - Evaluate best model on test data for horizon 7, Test MAE: 24.4527, Test RMSE: 38.1901, Test MAPE: 0.1776
2026-06-03 02:00:31,395 - easytorch-training - INFO - Evaluate best model on test data for horizon 8, Test MAE: 25.4625, Test RMSE: 39.3057, Test MAPE: 0.1922
2026-06-03 02:00:31,398 - easytorch-training - INFO - Evaluate best model on test data for horizon 9, Test MAE: 24.8855, Test RMSE: 38.7555, Test MAPE: 0.1839
2026-06-03 02:00:31,400 - easytorch-training - INFO - Evaluate best model on test data for horizon 10, Test MAE: 25.3529, Test RMSE: 39.2378, Test MAPE: 0.1920
2026-06-03 02:00:31,403 - easytorch-training - INFO - Evaluate best model on test data for horizon 11, Test MAE: 25.5866, Test RMSE: 39.5353, Test MAPE: 0.1946
2026-06-03 02:00:31,405 - easytorch-training - INFO - Evaluate best model on test data for horizon 12, Test MAE: 25.6341, Test RMSE: 39.6866, Test MAPE: 0.1929
2026-06-03 02:00:31,502 - easytorch-training - INFO - Result <test>: [test_time: 1.25 (s), test_MAE: 24.6135, test_RMSE: 38.2363, test_MAPE: 0.1822]
2026-06-03 02:00:31,525 - easytorch-training - INFO - Checkpoint checkpoints/KASA_v2_100_v3_base_mapper_plus_prior_kan_seed4/e8933f7750d7f87c085bb283f9c53551/KASA_v2_013.pt saved
2026-06-03 02:00:31,525 - easytorch-training - INFO - The estimated training finish time is 2026-06-03 02:18:20
2026-06-03 02:00:31,525 - easytorch-training - INFO - Epoch 14 / 100
2026-06-03 02:00:41,768 - easytorch-training - INFO - Result <train>: [train_time: 10.24 (s), lr: 1.00e-03, train_MAE: 23.6981, train_RMSE: 37.1238, train_MAPE: 0.1867]
2026-06-03 02:00:41,769 - easytorch-training - INFO - Start validation.
2026-06-03 02:00:42,535 - easytorch-training - INFO - Result <val>: [val_time: 0.77 (s), val_MAE: 23.3366, val_RMSE: 35.0051, val_MAPE: 0.1635]
2026-06-03 02:00:42,580 - easytorch-training - INFO - Checkpoint checkpoints/KASA_v2_100_v3_base_mapper_plus_prior_kan_seed4/e8933f7750d7f87c085bb283f9c53551/KASA_v2_best_val_MAE.pt saved
2026-06-03 02:00:43,695 - easytorch-training - INFO - Evaluate best model on test data for horizon 1, Test MAE: 23.2801, Test RMSE: 36.3078, Test MAPE: 0.1614
2026-06-03 02:00:43,698 - easytorch-training - INFO - Evaluate best model on test data for horizon 2, Test MAE: 23.8766, Test RMSE: 37.0446, Test MAPE: 0.1642
2026-06-03 02:00:43,700 - easytorch-training - INFO - Evaluate best model on test data for horizon 3, Test MAE: 23.7925, Test RMSE: 36.8576, Test MAPE: 0.1682
2026-06-03 02:00:43,703 - easytorch-training - INFO - Evaluate best model on test data for horizon 4, Test MAE: 23.6901, Test RMSE: 37.1101, Test MAPE: 0.1664
2026-06-03 02:00:43,705 - easytorch-training - INFO - Evaluate best model on test data for horizon 5, Test MAE: 23.8189, Test RMSE: 37.3008, Test MAPE: 0.1707
2026-06-03 02:00:43,708 - easytorch-training - INFO - Evaluate best model on test data for horizon 6, Test MAE: 23.9295, Test RMSE: 37.5536, Test MAPE: 0.1700
2026-06-03 02:00:43,710 - easytorch-training - INFO - Evaluate best model on test data for horizon 7, Test MAE: 24.1513, Test RMSE: 37.8526, Test MAPE: 0.1715
2026-06-03 02:00:43,712 - easytorch-training - INFO - Evaluate best model on test data for horizon 8, Test MAE: 24.3190, Test RMSE: 38.1286, Test MAPE: 0.1715
2026-06-03 02:00:43,715 - easytorch-training - INFO - Evaluate best model on test data for horizon 9, Test MAE: 24.5058, Test RMSE: 38.3771, Test MAPE: 0.1710
2026-06-03 02:00:43,717 - easytorch-training - INFO - Evaluate best model on test data for horizon 10, Test MAE: 24.7317, Test RMSE: 38.6579, Test MAPE: 0.1715
2026-06-03 02:00:43,720 - easytorch-training - INFO - Evaluate best model on test data for horizon 11, Test MAE: 24.8338, Test RMSE: 38.8598, Test MAPE: 0.1726
2026-06-03 02:00:43,722 - easytorch-training - INFO - Evaluate best model on test data for horizon 12, Test MAE: 25.2662, Test RMSE: 39.3436, Test MAPE: 0.1740
2026-06-03 02:00:43,815 - easytorch-training - INFO - Result <test>: [test_time: 1.23 (s), test_MAE: 24.1830, test_RMSE: 37.7930, test_MAPE: 0.1694]
2026-06-03 02:00:43,839 - easytorch-training - INFO - Checkpoint checkpoints/KASA_v2_100_v3_base_mapper_plus_prior_kan_seed4/e8933f7750d7f87c085bb283f9c53551/KASA_v2_014.pt saved
2026-06-03 02:00:43,839 - easytorch-training - INFO - The estimated training finish time is 2026-06-03 02:18:20
2026-06-03 02:00:43,839 - easytorch-training - INFO - Epoch 15 / 100
2026-06-03 02:00:53,965 - easytorch-training - INFO - Result <train>: [train_time: 10.13 (s), lr: 1.00e-03, train_MAE: 23.2561, train_RMSE: 36.5533, train_MAPE: 0.1829]
2026-06-03 02:00:53,967 - easytorch-training - INFO - Start validation.
2026-06-03 02:00:54,734 - easytorch-training - INFO - Result <val>: [val_time: 0.77 (s), val_MAE: 23.2833, val_RMSE: 34.7972, val_MAPE: 0.1618]
2026-06-03 02:00:54,775 - easytorch-training - INFO - Checkpoint checkpoints/KASA_v2_100_v3_base_mapper_plus_prior_kan_seed4/e8933f7750d7f87c085bb283f9c53551/KASA_v2_best_val_MAE.pt saved
2026-06-03 02:00:55,894 - easytorch-training - INFO - Evaluate best model on test data for horizon 1, Test MAE: 23.5384, Test RMSE: 36.3077, Test MAPE: 0.1625
2026-06-03 02:00:55,897 - easytorch-training - INFO - Evaluate best model on test data for horizon 2, Test MAE: 23.6315, Test RMSE: 36.6493, Test MAPE: 0.1621
2026-06-03 02:00:55,899 - easytorch-training - INFO - Evaluate best model on test data for horizon 3, Test MAE: 23.8381, Test RMSE: 36.8334, Test MAPE: 0.1654
2026-06-03 02:00:55,902 - easytorch-training - INFO - Evaluate best model on test data for horizon 4, Test MAE: 23.9612, Test RMSE: 37.2116, Test MAPE: 0.1651
2026-06-03 02:00:55,904 - easytorch-training - INFO - Evaluate best model on test data for horizon 5, Test MAE: 24.3329, Test RMSE: 37.7183, Test MAPE: 0.1671
2026-06-03 02:00:55,907 - easytorch-training - INFO - Evaluate best model on test data for horizon 6, Test MAE: 24.1389, Test RMSE: 37.5967, Test MAPE: 0.1664
2026-06-03 02:00:55,909 - easytorch-training - INFO - Evaluate best model on test data for horizon 7, Test MAE: 23.9319, Test RMSE: 37.5068, Test MAPE: 0.1668
2026-06-03 02:00:55,912 - easytorch-training - INFO - Evaluate best model on test data for horizon 8, Test MAE: 24.0314, Test RMSE: 37.6972, Test MAPE: 0.1673
2026-06-03 02:00:55,914 - easytorch-training - INFO - Evaluate best model on test data for horizon 9, Test MAE: 24.1212, Test RMSE: 37.9096, Test MAPE: 0.1683
2026-06-03 02:00:55,916 - easytorch-training - INFO - Evaluate best model on test data for horizon 10, Test MAE: 24.2694, Test RMSE: 38.1234, Test MAPE: 0.1687
2026-06-03 02:00:55,919 - easytorch-training - INFO - Evaluate best model on test data for horizon 11, Test MAE: 24.5020, Test RMSE: 38.4056, Test MAPE: 0.1751
2026-06-03 02:00:55,921 - easytorch-training - INFO - Evaluate best model on test data for horizon 12, Test MAE: 24.6431, Test RMSE: 38.6853, Test MAPE: 0.1722
2026-06-03 02:00:56,018 - easytorch-training - INFO - Result <test>: [test_time: 1.24 (s), test_MAE: 24.0783, test_RMSE: 37.5599, test_MAPE: 0.1673]
2026-06-03 02:00:56,041 - easytorch-training - INFO - Checkpoint checkpoints/KASA_v2_100_v3_base_mapper_plus_prior_kan_seed4/e8933f7750d7f87c085bb283f9c53551/KASA_v2_015.pt saved
2026-06-03 02:00:56,041 - easytorch-training - INFO - The estimated training finish time is 2026-06-03 02:18:20
2026-06-03 02:00:56,041 - easytorch-training - INFO - Epoch 16 / 100
2026-06-03 02:01:06,155 - easytorch-training - INFO - Result <train>: [train_time: 10.11 (s), lr: 1.00e-03, train_MAE: 22.8930, train_RMSE: 36.0364, train_MAPE: 0.1810]
2026-06-03 02:01:06,157 - easytorch-training - INFO - Start validation.
2026-06-03 02:01:06,961 - easytorch-training - INFO - Result <val>: [val_time: 0.80 (s), val_MAE: 23.2568, val_RMSE: 34.6090, val_MAPE: 0.1660]
2026-06-03 02:01:07,003 - easytorch-training - INFO - Checkpoint checkpoints/KASA_v2_100_v3_base_mapper_plus_prior_kan_seed4/e8933f7750d7f87c085bb283f9c53551/KASA_v2_best_val_MAE.pt saved
2026-06-03 02:01:08,205 - easytorch-training - INFO - Evaluate best model on test data for horizon 1, Test MAE: 23.9967, Test RMSE: 36.8178, Test MAPE: 0.1628
2026-06-03 02:01:08,207 - easytorch-training - INFO - Evaluate best model on test data for horizon 2, Test MAE: 23.5064, Test RMSE: 36.5454, Test MAPE: 0.1630
2026-06-03 02:01:08,210 - easytorch-training - INFO - Evaluate best model on test data for horizon 3, Test MAE: 23.5410, Test RMSE: 36.4046, Test MAPE: 0.1644
2026-06-03 02:01:08,212 - easytorch-training - INFO - Evaluate best model on test data for horizon 4, Test MAE: 23.8915, Test RMSE: 37.1488, Test MAPE: 0.1654
2026-06-03 02:01:08,214 - easytorch-training - INFO - Evaluate best model on test data for horizon 5, Test MAE: 23.7233, Test RMSE: 37.0627, Test MAPE: 0.1678
2026-06-03 02:01:08,216 - easytorch-training - INFO - Evaluate best model on test data for horizon 6, Test MAE: 23.9629, Test RMSE: 37.2866, Test MAPE: 0.1771
2026-06-03 02:01:08,218 - easytorch-training - INFO - Evaluate best model on test data for horizon 7, Test MAE: 23.8257, Test RMSE: 37.3049, Test MAPE: 0.1719
2026-06-03 02:01:08,221 - easytorch-training - INFO - Evaluate best model on test data for horizon 8, Test MAE: 24.0862, Test RMSE: 37.6219, Test MAPE: 0.1750
2026-06-03 02:01:08,223 - easytorch-training - INFO - Evaluate best model on test data for horizon 9, Test MAE: 24.3713, Test RMSE: 37.9271, Test MAPE: 0.1821
2026-06-03 02:01:08,225 - easytorch-training - INFO - Evaluate best model on test data for horizon 10, Test MAE: 24.6427, Test RMSE: 38.3689, Test MAPE: 0.1710
2026-06-03 02:01:08,227 - easytorch-training - INFO - Evaluate best model on test data for horizon 11, Test MAE: 24.6247, Test RMSE: 38.3825, Test MAPE: 0.1800
2026-06-03 02:01:08,230 - easytorch-training - INFO - Evaluate best model on test data for horizon 12, Test MAE: 24.9218, Test RMSE: 38.8186, Test MAPE: 0.1737
2026-06-03 02:01:08,318 - easytorch-training - INFO - Result <test>: [test_time: 1.31 (s), test_MAE: 24.0912, test_RMSE: 37.4813, test_MAPE: 0.1712]
2026-06-03 02:01:08,345 - easytorch-training - INFO - Checkpoint checkpoints/KASA_v2_100_v3_base_mapper_plus_prior_kan_seed4/e8933f7750d7f87c085bb283f9c53551/KASA_v2_016.pt saved
2026-06-03 02:01:08,346 - easytorch-training - INFO - The estimated training finish time is 2026-06-03 02:18:20
2026-06-03 02:01:08,346 - easytorch-training - INFO - Epoch 17 / 100
2026-06-03 02:01:18,462 - easytorch-training - INFO - Result <train>: [train_time: 10.12 (s), lr: 1.00e-03, train_MAE: 22.8011, train_RMSE: 35.8202, train_MAPE: 0.1809]
2026-06-03 02:01:18,464 - easytorch-training - INFO - Start validation.
2026-06-03 02:01:19,233 - easytorch-training - INFO - Result <val>: [val_time: 0.77 (s), val_MAE: 23.6492, val_RMSE: 34.8934, val_MAPE: 0.1651]
2026-06-03 02:01:20,386 - easytorch-training - INFO - Evaluate best model on test data for horizon 1, Test MAE: 22.7613, Test RMSE: 35.2914, Test MAPE: 0.1581
2026-06-03 02:01:20,388 - easytorch-training - INFO - Evaluate best model on test data for horizon 2, Test MAE: 22.9731, Test RMSE: 35.7418, Test MAPE: 0.1595
2026-06-03 02:01:20,391 - easytorch-training - INFO - Evaluate best model on test data for horizon 3, Test MAE: 24.2792, Test RMSE: 36.3934, Test MAPE: 0.1851
2026-06-03 02:01:20,393 - easytorch-training - INFO - Evaluate best model on test data for horizon 4, Test MAE: 23.4454, Test RMSE: 36.4604, Test MAPE: 0.1624
2026-06-03 02:01:20,396 - easytorch-training - INFO - Evaluate best model on test data for horizon 5, Test MAE: 23.6618, Test RMSE: 36.8189, Test MAPE: 0.1635
2026-06-03 02:01:20,398 - easytorch-training - INFO - Evaluate best model on test data for horizon 6, Test MAE: 23.7448, Test RMSE: 36.9671, Test MAPE: 0.1649
2026-06-03 02:01:20,401 - easytorch-training - INFO - Evaluate best model on test data for horizon 7, Test MAE: 24.3158, Test RMSE: 37.4965, Test MAPE: 0.1697
2026-06-03 02:01:20,403 - easytorch-training - INFO - Evaluate best model on test data for horizon 8, Test MAE: 24.3006, Test RMSE: 37.7152, Test MAPE: 0.1675
2026-06-03 02:01:20,405 - easytorch-training - INFO - Evaluate best model on test data for horizon 9, Test MAE: 24.6669, Test RMSE: 38.1427, Test MAPE: 0.1697
2026-06-03 02:01:20,408 - easytorch-training - INFO - Evaluate best model on test data for horizon 10, Test MAE: 26.2496, Test RMSE: 39.5750, Test MAPE: 0.1844
2026-06-03 02:01:20,410 - easytorch-training - INFO - Evaluate best model on test data for horizon 11, Test MAE: 25.1468, Test RMSE: 38.6628, Test MAPE: 0.1742
2026-06-03 02:01:20,413 - easytorch-training - INFO - Evaluate best model on test data for horizon 12, Test MAE: 26.1370, Test RMSE: 39.6540, Test MAPE: 0.1827
2026-06-03 02:01:20,508 - easytorch-training - INFO - Result <test>: [test_time: 1.27 (s), test_MAE: 24.3069, test_RMSE: 37.4341, test_MAPE: 0.1701]
2026-06-03 02:01:20,532 - easytorch-training - INFO - Checkpoint checkpoints/KASA_v2_100_v3_base_mapper_plus_prior_kan_seed4/e8933f7750d7f87c085bb283f9c53551/KASA_v2_017.pt saved
2026-06-03 02:01:20,533 - easytorch-training - INFO - The estimated training finish time is 2026-06-03 02:18:19
2026-06-03 02:01:20,533 - easytorch-training - INFO - Epoch 18 / 100
2026-06-03 02:01:30,665 - easytorch-training - INFO - Result <train>: [train_time: 10.13 (s), lr: 1.00e-03, train_MAE: 22.4696, train_RMSE: 35.3997, train_MAPE: 0.1784]
2026-06-03 02:01:30,666 - easytorch-training - INFO - Start validation.
2026-06-03 02:01:31,426 - easytorch-training - INFO - Result <val>: [val_time: 0.76 (s), val_MAE: 22.4193, val_RMSE: 33.6393, val_MAPE: 0.1614]
2026-06-03 02:01:31,471 - easytorch-training - INFO - Checkpoint checkpoints/KASA_v2_100_v3_base_mapper_plus_prior_kan_seed4/e8933f7750d7f87c085bb283f9c53551/KASA_v2_best_val_MAE.pt saved
2026-06-03 02:01:32,582 - easytorch-training - INFO - Evaluate best model on test data for horizon 1, Test MAE: 22.2666, Test RMSE: 34.8038, Test MAPE: 0.1572
2026-06-03 02:01:32,585 - easytorch-training - INFO - Evaluate best model on test data for horizon 2, Test MAE: 22.3322, Test RMSE: 35.0336, Test MAPE: 0.1593
2026-06-03 02:01:32,587 - easytorch-training - INFO - Evaluate best model on test data for horizon 3, Test MAE: 23.5041, Test RMSE: 36.0269, Test MAPE: 0.1650
2026-06-03 02:01:32,590 - easytorch-training - INFO - Evaluate best model on test data for horizon 4, Test MAE: 23.0658, Test RMSE: 36.0174, Test MAPE: 0.1685
2026-06-03 02:01:32,592 - easytorch-training - INFO - Evaluate best model on test data for horizon 5, Test MAE: 23.1366, Test RMSE: 36.2202, Test MAPE: 0.1686
2026-06-03 02:01:32,595 - easytorch-training - INFO - Evaluate best model on test data for horizon 6, Test MAE: 23.0558, Test RMSE: 36.2600, Test MAPE: 0.1641
2026-06-03 02:01:32,597 - easytorch-training - INFO - Evaluate best model on test data for horizon 7, Test MAE: 23.2089, Test RMSE: 36.4799, Test MAPE: 0.1680
2026-06-03 02:01:32,599 - easytorch-training - INFO - Evaluate best model on test data for horizon 8, Test MAE: 23.2745, Test RMSE: 36.6363, Test MAPE: 0.1676
2026-06-03 02:01:32,602 - easytorch-training - INFO - Evaluate best model on test data for horizon 9, Test MAE: 23.5746, Test RMSE: 37.0532, Test MAPE: 0.1718
2026-06-03 02:01:32,604 - easytorch-training - INFO - Evaluate best model on test data for horizon 10, Test MAE: 23.6925, Test RMSE: 37.2707, Test MAPE: 0.1721
2026-06-03 02:01:32,607 - easytorch-training - INFO - Evaluate best model on test data for horizon 11, Test MAE: 23.7915, Test RMSE: 37.4260, Test MAPE: 0.1741
2026-06-03 02:01:32,609 - easytorch-training - INFO - Evaluate best model on test data for horizon 12, Test MAE: 24.1259, Test RMSE: 37.8442, Test MAPE: 0.1775
2026-06-03 02:01:32,706 - easytorch-training - INFO - Result <test>: [test_time: 1.23 (s), test_MAE: 23.2524, test_RMSE: 36.4332, test_MAPE: 0.1678]
2026-06-03 02:01:32,729 - easytorch-training - INFO - Checkpoint checkpoints/KASA_v2_100_v3_base_mapper_plus_prior_kan_seed4/e8933f7750d7f87c085bb283f9c53551/KASA_v2_018.pt saved
2026-06-03 02:01:32,729 - easytorch-training - INFO - The estimated training finish time is 2026-06-03 02:18:19
2026-06-03 02:01:32,729 - easytorch-training - INFO - Epoch 19 / 100
2026-06-03 02:01:42,812 - easytorch-training - INFO - Result <train>: [train_time: 10.08 (s), lr: 1.00e-03, train_MAE: 22.3307, train_RMSE: 35.1624, train_MAPE: 0.1779]
2026-06-03 02:01:42,814 - easytorch-training - INFO - Start validation.
2026-06-03 02:01:43,583 - easytorch-training - INFO - Result <val>: [val_time: 0.77 (s), val_MAE: 22.5197, val_RMSE: 33.5152, val_MAPE: 0.1667]
2026-06-03 02:01:44,714 - easytorch-training - INFO - Evaluate best model on test data for horizon 1, Test MAE: 22.2942, Test RMSE: 34.4984, Test MAPE: 0.1696
2026-06-03 02:01:44,716 - easytorch-training - INFO - Evaluate best model on test data for horizon 2, Test MAE: 22.5827, Test RMSE: 34.9953, Test MAPE: 0.1749
2026-06-03 02:01:44,719 - easytorch-training - INFO - Evaluate best model on test data for horizon 3, Test MAE: 24.1800, Test RMSE: 36.1041, Test MAPE: 0.1942
2026-06-03 02:01:44,721 - easytorch-training - INFO - Evaluate best model on test data for horizon 4, Test MAE: 22.8749, Test RMSE: 35.5404, Test MAPE: 0.1774
2026-06-03 02:01:44,724 - easytorch-training - INFO - Evaluate best model on test data for horizon 5, Test MAE: 22.8567, Test RMSE: 35.6999, Test MAPE: 0.1727
2026-06-03 02:01:44,726 - easytorch-training - INFO - Evaluate best model on test data for horizon 6, Test MAE: 22.8048, Test RMSE: 35.8860, Test MAPE: 0.1643
2026-06-03 02:01:44,729 - easytorch-training - INFO - Evaluate best model on test data for horizon 7, Test MAE: 23.0610, Test RMSE: 36.1944, Test MAPE: 0.1693
2026-06-03 02:01:44,731 - easytorch-training - INFO - Evaluate best model on test data for horizon 8, Test MAE: 23.5522, Test RMSE: 36.8314, Test MAPE: 0.1647
2026-06-03 02:01:44,733 - easytorch-training - INFO - Evaluate best model on test data for horizon 9, Test MAE: 23.4531, Test RMSE: 36.8453, Test MAPE: 0.1652
2026-06-03 02:01:44,736 - easytorch-training - INFO - Evaluate best model on test data for horizon 10, Test MAE: 24.1056, Test RMSE: 37.4372, Test MAPE: 0.1670
2026-06-03 02:01:44,738 - easytorch-training - INFO - Evaluate best model on test data for horizon 11, Test MAE: 24.1351, Test RMSE: 37.5841, Test MAPE: 0.1673
2026-06-03 02:01:44,741 - easytorch-training - INFO - Evaluate best model on test data for horizon 12, Test MAE: 23.9354, Test RMSE: 37.5571, Test MAPE: 0.1698
2026-06-03 02:01:44,834 - easytorch-training - INFO - Result <test>: [test_time: 1.25 (s), test_MAE: 23.3197, test_RMSE: 36.2773, test_MAPE: 0.1714]
2026-06-03 02:01:44,857 - easytorch-training - INFO - Checkpoint checkpoints/KASA_v2_100_v3_base_mapper_plus_prior_kan_seed4/e8933f7750d7f87c085bb283f9c53551/KASA_v2_019.pt saved
2026-06-03 02:01:44,858 - easytorch-training - INFO - The estimated training finish time is 2026-06-03 02:18:18
2026-06-03 02:01:44,858 - easytorch-training - INFO - Epoch 20 / 100
2026-06-03 02:01:54,754 - easytorch-training - INFO - Result <train>: [train_time: 9.90 (s), lr: 1.00e-03, train_MAE: 21.9782, train_RMSE: 34.7326, train_MAPE: 0.1748]
2026-06-03 02:01:54,756 - easytorch-training - INFO - Start validation.
2026-06-03 02:01:55,549 - easytorch-training - INFO - Result <val>: [val_time: 0.79 (s), val_MAE: 23.3783, val_RMSE: 34.3135, val_MAPE: 0.1588]
2026-06-03 02:01:56,690 - easytorch-training - INFO - Evaluate best model on test data for horizon 1, Test MAE: 23.3826, Test RMSE: 35.6665, Test MAPE: 0.1604
2026-06-03 02:01:56,693 - easytorch-training - INFO - Evaluate best model on test data for horizon 2, Test MAE: 23.0538, Test RMSE: 35.5290, Test MAPE: 0.1584
2026-06-03 02:01:56,696 - easytorch-training - INFO - Evaluate best model on test data for horizon 3, Test MAE: 22.9296, Test RMSE: 35.2944, Test MAPE: 0.1614
2026-06-03 02:01:56,698 - easytorch-training - INFO - Evaluate best model on test data for horizon 4, Test MAE: 23.1291, Test RMSE: 35.9114, Test MAPE: 0.1592
2026-06-03 02:01:56,700 - easytorch-training - INFO - Evaluate best model on test data for horizon 5, Test MAE: 24.8932, Test RMSE: 37.7372, Test MAPE: 0.1685
2026-06-03 02:01:56,703 - easytorch-training - INFO - Evaluate best model on test data for horizon 6, Test MAE: 24.0654, Test RMSE: 37.0820, Test MAPE: 0.1632
2026-06-03 02:01:56,705 - easytorch-training - INFO - Evaluate best model on test data for horizon 7, Test MAE: 23.6901, Test RMSE: 36.7659, Test MAPE: 0.1621
2026-06-03 02:01:56,708 - easytorch-training - INFO - Evaluate best model on test data for horizon 8, Test MAE: 24.5682, Test RMSE: 37.6248, Test MAPE: 0.1665
2026-06-03 02:01:56,710 - easytorch-training - INFO - Evaluate best model on test data for horizon 9, Test MAE: 24.2020, Test RMSE: 37.3964, Test MAPE: 0.1646
2026-06-03 02:01:56,713 - easytorch-training - INFO - Evaluate best model on test data for horizon 10, Test MAE: 24.1451, Test RMSE: 37.4200, Test MAPE: 0.1644
2026-06-03 02:01:56,715 - easytorch-training - INFO - Evaluate best model on test data for horizon 11, Test MAE: 25.2189, Test RMSE: 38.4673, Test MAPE: 0.1704
2026-06-03 02:01:56,717 - easytorch-training - INFO - Evaluate best model on test data for horizon 12, Test MAE: 25.3991, Test RMSE: 38.7544, Test MAPE: 0.1709
2026-06-03 02:01:56,813 - easytorch-training - INFO - Result <test>: [test_time: 1.26 (s), test_MAE: 24.0564, test_RMSE: 36.9872, test_MAPE: 0.1642]
2026-06-03 02:01:56,837 - easytorch-training - INFO - Checkpoint checkpoints/KASA_v2_100_v3_base_mapper_plus_prior_kan_seed4/e8933f7750d7f87c085bb283f9c53551/KASA_v2_020.pt saved
2026-06-03 02:01:56,850 - easytorch-training - INFO - The estimated training finish time is 2026-06-03 02:18:17
2026-06-03 02:01:56,850 - easytorch-training - INFO - Epoch 21 / 100
2026-06-03 02:02:06,953 - easytorch-training - INFO - Result <train>: [train_time: 10.10 (s), lr: 1.00e-03, train_MAE: 21.7121, train_RMSE: 34.3874, train_MAPE: 0.1725]
2026-06-03 02:02:06,955 - easytorch-training - INFO - Start validation.
2026-06-03 02:02:07,726 - easytorch-training - INFO - Result <val>: [val_time: 0.77 (s), val_MAE: 22.0750, val_RMSE: 32.9565, val_MAPE: 0.1621]
2026-06-03 02:02:07,773 - easytorch-training - INFO - Checkpoint checkpoints/KASA_v2_100_v3_base_mapper_plus_prior_kan_seed4/e8933f7750d7f87c085bb283f9c53551/KASA_v2_best_val_MAE.pt saved
2026-06-03 02:02:08,913 - easytorch-training - INFO - Evaluate best model on test data for horizon 1, Test MAE: 21.8795, Test RMSE: 33.8985, Test MAPE: 0.1624
2026-06-03 02:02:08,916 - easytorch-training - INFO - Evaluate best model on test data for horizon 2, Test MAE: 22.0982, Test RMSE: 34.3392, Test MAPE: 0.1647
2026-06-03 02:02:08,918 - easytorch-training - INFO - Evaluate best model on test data for horizon 3, Test MAE: 22.2402, Test RMSE: 34.6299, Test MAPE: 0.1559
2026-06-03 02:02:08,920 - easytorch-training - INFO - Evaluate best model on test data for horizon 4, Test MAE: 22.5145, Test RMSE: 35.0416, Test MAPE: 0.1687
2026-06-03 02:02:08,923 - easytorch-training - INFO - Evaluate best model on test data for horizon 5, Test MAE: 22.4972, Test RMSE: 35.1558, Test MAPE: 0.1671
2026-06-03 02:02:08,925 - easytorch-training - INFO - Evaluate best model on test data for horizon 6, Test MAE: 22.5788, Test RMSE: 35.3673, Test MAPE: 0.1666
2026-06-03 02:02:08,928 - easytorch-training - INFO - Evaluate best model on test data for horizon 7, Test MAE: 22.8352, Test RMSE: 35.7010, Test MAPE: 0.1724
2026-06-03 02:02:08,930 - easytorch-training - INFO - Evaluate best model on test data for horizon 8, Test MAE: 22.9591, Test RMSE: 35.9683, Test MAPE: 0.1704
2026-06-03 02:02:08,933 - easytorch-training - INFO - Evaluate best model on test data for horizon 9, Test MAE: 22.9975, Test RMSE: 36.1006, Test MAPE: 0.1701
2026-06-03 02:02:08,935 - easytorch-training - INFO - Evaluate best model on test data for horizon 10, Test MAE: 23.0207, Test RMSE: 36.2040, Test MAPE: 0.1676
2026-06-03 02:02:08,937 - easytorch-training - INFO - Evaluate best model on test data for horizon 11, Test MAE: 23.2163, Test RMSE: 36.4767, Test MAPE: 0.1700
2026-06-03 02:02:08,940 - easytorch-training - INFO - Evaluate best model on test data for horizon 12, Test MAE: 23.3493, Test RMSE: 36.7368, Test MAPE: 0.1670
2026-06-03 02:02:09,037 - easytorch-training - INFO - Result <test>: [test_time: 1.26 (s), test_MAE: 22.6822, test_RMSE: 35.4784, test_MAPE: 0.1669]
2026-06-03 02:02:09,060 - easytorch-training - INFO - Checkpoint checkpoints/KASA_v2_100_v3_base_mapper_plus_prior_kan_seed4/e8933f7750d7f87c085bb283f9c53551/KASA_v2_021.pt saved
2026-06-03 02:02:09,060 - easytorch-training - INFO - The estimated training finish time is 2026-06-03 02:18:16
2026-06-03 02:02:09,060 - easytorch-training - INFO - Epoch 22 / 100
2026-06-03 02:02:19,381 - easytorch-training - INFO - Result <train>: [train_time: 10.32 (s), lr: 1.00e-03, train_MAE: 21.6538, train_RMSE: 34.2569, train_MAPE: 0.1721]
2026-06-03 02:02:19,383 - easytorch-training - INFO - Start validation.
2026-06-03 02:02:20,206 - easytorch-training - INFO - Result <val>: [val_time: 0.82 (s), val_MAE: 21.6242, val_RMSE: 32.5505, val_MAPE: 0.1513]
2026-06-03 02:02:20,247 - easytorch-training - INFO - Checkpoint checkpoints/KASA_v2_100_v3_base_mapper_plus_prior_kan_seed4/e8933f7750d7f87c085bb283f9c53551/KASA_v2_best_val_MAE.pt saved
2026-06-03 02:02:21,394 - easytorch-training - INFO - Evaluate best model on test data for horizon 1, Test MAE: 21.6505, Test RMSE: 33.6698, Test MAPE: 0.1521
2026-06-03 02:02:21,397 - easytorch-training - INFO - Evaluate best model on test data for horizon 2, Test MAE: 21.7076, Test RMSE: 33.9852, Test MAPE: 0.1533
2026-06-03 02:02:21,400 - easytorch-training - INFO - Evaluate best model on test data for horizon 3, Test MAE: 22.4279, Test RMSE: 34.6320, Test MAPE: 0.1583
2026-06-03 02:02:21,402 - easytorch-training - INFO - Evaluate best model on test data for horizon 4, Test MAE: 22.2670, Test RMSE: 34.7830, Test MAPE: 0.1562
2026-06-03 02:02:21,404 - easytorch-training - INFO - Evaluate best model on test data for horizon 5, Test MAE: 22.0016, Test RMSE: 34.6784, Test MAPE: 0.1560
2026-06-03 02:02:21,407 - easytorch-training - INFO - Evaluate best model on test data for horizon 6, Test MAE: 22.4075, Test RMSE: 35.1158, Test MAPE: 0.1576
2026-06-03 02:02:21,409 - easytorch-training - INFO - Evaluate best model on test data for horizon 7, Test MAE: 22.1500, Test RMSE: 35.0264, Test MAPE: 0.1577
2026-06-03 02:02:21,412 - easytorch-training - INFO - Evaluate best model on test data for horizon 8, Test MAE: 22.7204, Test RMSE: 35.6274, Test MAPE: 0.1586
2026-06-03 02:02:21,414 - easytorch-training - INFO - Evaluate best model on test data for horizon 9, Test MAE: 22.4440, Test RMSE: 35.4707, Test MAPE: 0.1604
2026-06-03 02:02:21,417 - easytorch-training - INFO - Evaluate best model on test data for horizon 10, Test MAE: 22.5298, Test RMSE: 35.6516, Test MAPE: 0.1626
2026-06-03 02:02:21,419 - easytorch-training - INFO - Evaluate best model on test data for horizon 11, Test MAE: 22.9780, Test RMSE: 36.1447, Test MAPE: 0.1613
2026-06-03 02:02:21,421 - easytorch-training - INFO - Evaluate best model on test data for horizon 12, Test MAE: 23.6453, Test RMSE: 36.7951, Test MAPE: 0.1636
2026-06-03 02:02:21,517 - easytorch-training - INFO - Result <test>: [test_time: 1.27 (s), test_MAE: 22.4108, test_RMSE: 35.1417, test_MAPE: 0.1581]
2026-06-03 02:02:21,542 - easytorch-training - INFO - Checkpoint checkpoints/KASA_v2_100_v3_base_mapper_plus_prior_kan_seed4/e8933f7750d7f87c085bb283f9c53551/KASA_v2_022.pt saved
2026-06-03 02:02:21,542 - easytorch-training - INFO - The estimated training finish time is 2026-06-03 02:18:17
2026-06-03 02:02:21,542 - easytorch-training - INFO - Epoch 23 / 100
2026-06-03 02:02:31,959 - easytorch-training - INFO - Result <train>: [train_time: 10.42 (s), lr: 1.00e-03, train_MAE: 21.5071, train_RMSE: 34.0433, train_MAPE: 0.1714]
2026-06-03 02:02:31,960 - easytorch-training - INFO - Start validation.
2026-06-03 02:02:32,747 - easytorch-training - INFO - Result <val>: [val_time: 0.79 (s), val_MAE: 22.5471, val_RMSE: 33.2537, val_MAPE: 0.1547]
2026-06-03 02:02:33,871 - easytorch-training - INFO - Evaluate best model on test data for horizon 1, Test MAE: 22.6913, Test RMSE: 34.6078, Test MAPE: 0.1557
2026-06-03 02:02:33,874 - easytorch-training - INFO - Evaluate best model on test data for horizon 2, Test MAE: 23.1399, Test RMSE: 35.2464, Test MAPE: 0.1589
2026-06-03 02:02:33,877 - easytorch-training - INFO - Evaluate best model on test data for horizon 3, Test MAE: 23.7797, Test RMSE: 35.5418, Test MAPE: 0.1745
2026-06-03 02:02:33,879 - easytorch-training - INFO - Evaluate best model on test data for horizon 4, Test MAE: 23.0969, Test RMSE: 35.4822, Test MAPE: 0.1582
2026-06-03 02:02:33,881 - easytorch-training - INFO - Evaluate best model on test data for horizon 5, Test MAE: 22.7946, Test RMSE: 35.3133, Test MAPE: 0.1568
2026-06-03 02:02:33,884 - easytorch-training - INFO - Evaluate best model on test data for horizon 6, Test MAE: 23.1516, Test RMSE: 35.7824, Test MAPE: 0.1584
2026-06-03 02:02:33,886 - easytorch-training - INFO - Evaluate best model on test data for horizon 7, Test MAE: 23.5350, Test RMSE: 36.2318, Test MAPE: 0.1608
2026-06-03 02:02:33,889 - easytorch-training - INFO - Evaluate best model on test data for horizon 8, Test MAE: 23.5646, Test RMSE: 36.3426, Test MAPE: 0.1614
2026-06-03 02:02:33,891 - easytorch-training - INFO - Evaluate best model on test data for horizon 9, Test MAE: 23.6388, Test RMSE: 36.5537, Test MAPE: 0.1612
2026-06-03 02:02:33,894 - easytorch-training - INFO - Evaluate best model on test data for horizon 10, Test MAE: 22.9923, Test RMSE: 36.0410, Test MAPE: 0.1593
2026-06-03 02:02:33,896 - easytorch-training - INFO - Evaluate best model on test data for horizon 11, Test MAE: 23.6509, Test RMSE: 36.6399, Test MAPE: 0.1627
2026-06-03 02:02:33,898 - easytorch-training - INFO - Evaluate best model on test data for horizon 12, Test MAE: 23.4751, Test RMSE: 36.6578, Test MAPE: 0.1618
2026-06-03 02:02:33,995 - easytorch-training - INFO - Result <test>: [test_time: 1.25 (s), test_MAE: 23.2925, test_RMSE: 35.8754, test_MAPE: 0.1608]
2026-06-03 02:02:34,019 - easytorch-training - INFO - Checkpoint checkpoints/KASA_v2_100_v3_base_mapper_plus_prior_kan_seed4/e8933f7750d7f87c085bb283f9c53551/KASA_v2_023.pt saved
2026-06-03 02:02:34,019 - easytorch-training - INFO - The estimated training finish time is 2026-06-03 02:18:18
2026-06-03 02:02:34,019 - easytorch-training - INFO - Epoch 24 / 100
2026-06-03 02:02:44,601 - easytorch-training - INFO - Result <train>: [train_time: 10.58 (s), lr: 1.00e-03, train_MAE: 21.3716, train_RMSE: 33.8375, train_MAPE: 0.1702]
2026-06-03 02:02:44,602 - easytorch-training - INFO - Start validation.
2026-06-03 02:02:45,380 - easytorch-training - INFO - Result <val>: [val_time: 0.78 (s), val_MAE: 21.7884, val_RMSE: 32.6079, val_MAPE: 0.1555]
2026-06-03 02:02:46,522 - easytorch-training - INFO - Evaluate best model on test data for horizon 1, Test MAE: 21.1148, Test RMSE: 33.1742, Test MAPE: 0.1507
2026-06-03 02:02:46,525 - easytorch-training - INFO - Evaluate best model on test data for horizon 2, Test MAE: 21.2406, Test RMSE: 33.5271, Test MAPE: 0.1506
2026-06-03 02:02:46,527 - easytorch-training - INFO - Evaluate best model on test data for horizon 3, Test MAE: 25.1357, Test RMSE: 36.6614, Test MAPE: 0.1969
2026-06-03 02:02:46,530 - easytorch-training - INFO - Evaluate best model on test data for horizon 4, Test MAE: 21.5924, Test RMSE: 34.1598, Test MAPE: 0.1547
2026-06-03 02:02:46,532 - easytorch-training - INFO - Evaluate best model on test data for horizon 5, Test MAE: 21.8294, Test RMSE: 34.5239, Test MAPE: 0.1578
2026-06-03 02:02:46,535 - easytorch-training - INFO - Evaluate best model on test data for horizon 6, Test MAE: 21.9452, Test RMSE: 34.6923, Test MAPE: 0.1603
2026-06-03 02:02:46,537 - easytorch-training - INFO - Evaluate best model on test data for horizon 7, Test MAE: 22.0745, Test RMSE: 34.9305, Test MAPE: 0.1605
2026-06-03 02:02:46,540 - easytorch-training - INFO - Evaluate best model on test data for horizon 8, Test MAE: 22.1230, Test RMSE: 35.1097, Test MAPE: 0.1584
2026-06-03 02:02:46,542 - easytorch-training - INFO - Evaluate best model on test data for horizon 9, Test MAE: 22.4125, Test RMSE: 35.4655, Test MAPE: 0.1578
2026-06-03 02:02:46,545 - easytorch-training - INFO - Evaluate best model on test data for horizon 10, Test MAE: 22.9127, Test RMSE: 35.9647, Test MAPE: 0.1597
2026-06-03 02:02:46,547 - easytorch-training - INFO - Evaluate best model on test data for horizon 11, Test MAE: 23.9481, Test RMSE: 36.8678, Test MAPE: 0.1668
2026-06-03 02:02:46,549 - easytorch-training - INFO - Evaluate best model on test data for horizon 12, Test MAE: 23.6225, Test RMSE: 36.7279, Test MAPE: 0.1640
2026-06-03 02:02:46,645 - easytorch-training - INFO - Result <test>: [test_time: 1.26 (s), test_MAE: 22.4960, test_RMSE: 35.1702, test_MAPE: 0.1615]
2026-06-03 02:02:46,669 - easytorch-training - INFO - Checkpoint checkpoints/KASA_v2_100_v3_base_mapper_plus_prior_kan_seed4/e8933f7750d7f87c085bb283f9c53551/KASA_v2_024.pt saved
2026-06-03 02:02:46,669 - easytorch-training - INFO - The estimated training finish time is 2026-06-03 02:18:20
2026-06-03 02:02:46,669 - easytorch-training - INFO - Epoch 25 / 100
2026-06-03 02:02:56,775 - easytorch-training - INFO - Result <train>: [train_time: 10.11 (s), lr: 1.00e-03, train_MAE: 21.0939, train_RMSE: 33.5235, train_MAPE: 0.1673]
2026-06-03 02:02:56,776 - easytorch-training - INFO - Start validation.
2026-06-03 02:02:57,544 - easytorch-training - INFO - Result <val>: [val_time: 0.77 (s), val_MAE: 24.6365, val_RMSE: 35.1700, val_MAPE: 0.1695]
2026-06-03 02:02:58,697 - easytorch-training - INFO - Evaluate best model on test data for horizon 1, Test MAE: 24.3825, Test RMSE: 36.1430, Test MAPE: 0.1730
2026-06-03 02:02:58,700 - easytorch-training - INFO - Evaluate best model on test data for horizon 2, Test MAE: 24.1786, Test RMSE: 36.0485, Test MAPE: 0.1722
2026-06-03 02:02:58,703 - easytorch-training - INFO - Evaluate best model on test data for horizon 3, Test MAE: 23.3190, Test RMSE: 35.3038, Test MAPE: 0.1673
2026-06-03 02:02:58,705 - easytorch-training - INFO - Evaluate best model on test data for horizon 4, Test MAE: 24.6162, Test RMSE: 36.8483, Test MAPE: 0.1719
2026-06-03 02:02:58,707 - easytorch-training - INFO - Evaluate best model on test data for horizon 5, Test MAE: 25.2975, Test RMSE: 37.6186, Test MAPE: 0.1763
2026-06-03 02:02:58,710 - easytorch-training - INFO - Evaluate best model on test data for horizon 6, Test MAE: 24.8361, Test RMSE: 37.1577, Test MAPE: 0.1727
2026-06-03 02:02:58,712 - easytorch-training - INFO - Evaluate best model on test data for horizon 7, Test MAE: 25.6545, Test RMSE: 38.0595, Test MAPE: 0.1784
2026-06-03 02:02:58,715 - easytorch-training - INFO - Evaluate best model on test data for horizon 8, Test MAE: 25.4625, Test RMSE: 38.1212, Test MAPE: 0.1743
2026-06-03 02:02:58,717 - easytorch-training - INFO - Evaluate best model on test data for horizon 9, Test MAE: 25.1991, Test RMSE: 37.9027, Test MAPE: 0.1717
2026-06-03 02:02:58,720 - easytorch-training - INFO - Evaluate best model on test data for horizon 10, Test MAE: 26.2494, Test RMSE: 39.0548, Test MAPE: 0.1794
2026-06-03 02:02:58,722 - easytorch-training - INFO - Evaluate best model on test data for horizon 11, Test MAE: 25.4395, Test RMSE: 38.2381, Test MAPE: 0.1730
2026-06-03 02:02:58,725 - easytorch-training - INFO - Evaluate best model on test data for horizon 12, Test MAE: 25.8597, Test RMSE: 38.8292, Test MAPE: 0.1737
2026-06-03 02:02:58,820 - easytorch-training - INFO - Result <test>: [test_time: 1.27 (s), test_MAE: 25.0412, test_RMSE: 37.4604, test_MAPE: 0.1737]
2026-06-03 02:02:58,844 - easytorch-training - INFO - Checkpoint checkpoints/KASA_v2_100_v3_base_mapper_plus_prior_kan_seed4/e8933f7750d7f87c085bb283f9c53551/KASA_v2_025.pt saved
2026-06-03 02:02:58,844 - easytorch-training - INFO - The estimated training finish time is 2026-06-03 02:18:20
2026-06-03 02:02:58,844 - easytorch-training - INFO - Epoch 26 / 100
2026-06-03 02:03:08,934 - easytorch-training - INFO - Result <train>: [train_time: 10.09 (s), lr: 1.00e-03, train_MAE: 21.1799, train_RMSE: 33.5603, train_MAPE: 0.1688]
2026-06-03 02:03:08,936 - easytorch-training - INFO - Start validation.
2026-06-03 02:03:09,713 - easytorch-training - INFO - Result <val>: [val_time: 0.78 (s), val_MAE: 21.0090, val_RMSE: 31.7430, val_MAPE: 0.1549]
2026-06-03 02:03:09,760 - easytorch-training - INFO - Checkpoint checkpoints/KASA_v2_100_v3_base_mapper_plus_prior_kan_seed4/e8933f7750d7f87c085bb283f9c53551/KASA_v2_best_val_MAE.pt saved
2026-06-03 02:03:10,872 - easytorch-training - INFO - Evaluate best model on test data for horizon 1, Test MAE: 20.7437, Test RMSE: 32.5383, Test MAPE: 0.1522
2026-06-03 02:03:10,875 - easytorch-training - INFO - Evaluate best model on test data for horizon 2, Test MAE: 20.9768, Test RMSE: 32.9689, Test MAPE: 0.1553
2026-06-03 02:03:10,877 - easytorch-training - INFO - Evaluate best model on test data for horizon 3, Test MAE: 21.3566, Test RMSE: 33.2345, Test MAPE: 0.1721
2026-06-03 02:03:10,880 - easytorch-training - INFO - Evaluate best model on test data for horizon 4, Test MAE: 21.5289, Test RMSE: 33.7522, Test MAPE: 0.1640
2026-06-03 02:03:10,882 - easytorch-training - INFO - Evaluate best model on test data for horizon 5, Test MAE: 21.4517, Test RMSE: 33.8482, Test MAPE: 0.1591
2026-06-03 02:03:10,885 - easytorch-training - INFO - Evaluate best model on test data for horizon 6, Test MAE: 21.4864, Test RMSE: 34.0494, Test MAPE: 0.1564
2026-06-03 02:03:10,887 - easytorch-training - INFO - Evaluate best model on test data for horizon 7, Test MAE: 21.7289, Test RMSE: 34.3647, Test MAPE: 0.1601
2026-06-03 02:03:10,890 - easytorch-training - INFO - Evaluate best model on test data for horizon 8, Test MAE: 21.8430, Test RMSE: 34.6373, Test MAPE: 0.1573
2026-06-03 02:03:10,892 - easytorch-training - INFO - Evaluate best model on test data for horizon 9, Test MAE: 21.9598, Test RMSE: 34.8165, Test MAPE: 0.1602
2026-06-03 02:03:10,894 - easytorch-training - INFO - Evaluate best model on test data for horizon 10, Test MAE: 22.0957, Test RMSE: 35.0004, Test MAPE: 0.1618
2026-06-03 02:03:10,897 - easytorch-training - INFO - Evaluate best model on test data for horizon 11, Test MAE: 22.2786, Test RMSE: 35.2923, Test MAPE: 0.1602
2026-06-03 02:03:10,899 - easytorch-training - INFO - Evaluate best model on test data for horizon 12, Test MAE: 22.5677, Test RMSE: 35.6860, Test MAPE: 0.1588
2026-06-03 02:03:10,997 - easytorch-training - INFO - Result <test>: [test_time: 1.24 (s), test_MAE: 21.6682, test_RMSE: 34.1948, test_MAPE: 0.1598]
2026-06-03 02:03:11,022 - easytorch-training - INFO - Checkpoint checkpoints/KASA_v2_100_v3_base_mapper_plus_prior_kan_seed4/e8933f7750d7f87c085bb283f9c53551/KASA_v2_026.pt saved
2026-06-03 02:03:11,022 - easytorch-training - INFO - The estimated training finish time is 2026-06-03 02:18:19
2026-06-03 02:03:11,022 - easytorch-training - INFO - Epoch 27 / 100
2026-06-03 02:03:20,902 - easytorch-training - INFO - Result <train>: [train_time: 9.88 (s), lr: 1.00e-03, train_MAE: 20.9662, train_RMSE: 33.2911, train_MAPE: 0.1668]
2026-06-03 02:03:20,904 - easytorch-training - INFO - Start validation.
2026-06-03 02:03:21,674 - easytorch-training - INFO - Result <val>: [val_time: 0.77 (s), val_MAE: 21.2666, val_RMSE: 31.9327, val_MAPE: 0.1504]
2026-06-03 02:03:22,801 - easytorch-training - INFO - Evaluate best model on test data for horizon 1, Test MAE: 21.2220, Test RMSE: 33.0484, Test MAPE: 0.1496
2026-06-03 02:03:22,804 - easytorch-training - INFO - Evaluate best model on test data for horizon 2, Test MAE: 21.5349, Test RMSE: 33.5507, Test MAPE: 0.1517
2026-06-03 02:03:22,806 - easytorch-training - INFO - Evaluate best model on test data for horizon 3, Test MAE: 21.8708, Test RMSE: 33.9269, Test MAPE: 0.1602
2026-06-03 02:03:22,808 - easytorch-training - INFO - Evaluate best model on test data for horizon 4, Test MAE: 21.8287, Test RMSE: 34.1620, Test MAPE: 0.1536
2026-06-03 02:03:22,811 - easytorch-training - INFO - Evaluate best model on test data for horizon 5, Test MAE: 22.2471, Test RMSE: 34.6897, Test MAPE: 0.1557
2026-06-03 02:03:22,813 - easytorch-training - INFO - Evaluate best model on test data for horizon 6, Test MAE: 22.0377, Test RMSE: 34.5968, Test MAPE: 0.1557
2026-06-03 02:03:22,816 - easytorch-training - INFO - Evaluate best model on test data for horizon 7, Test MAE: 21.8866, Test RMSE: 34.5788, Test MAPE: 0.1557
2026-06-03 02:03:22,818 - easytorch-training - INFO - Evaluate best model on test data for horizon 8, Test MAE: 21.9663, Test RMSE: 34.7455, Test MAPE: 0.1572
2026-06-03 02:03:22,821 - easytorch-training - INFO - Evaluate best model on test data for horizon 9, Test MAE: 22.0978, Test RMSE: 35.0002, Test MAPE: 0.1578
2026-06-03 02:03:22,823 - easytorch-training - INFO - Evaluate best model on test data for horizon 10, Test MAE: 22.2831, Test RMSE: 35.2251, Test MAPE: 0.1587
2026-06-03 02:03:22,825 - easytorch-training - INFO - Evaluate best model on test data for horizon 11, Test MAE: 22.7330, Test RMSE: 35.7470, Test MAPE: 0.1607
2026-06-03 02:03:22,828 - easytorch-training - INFO - Evaluate best model on test data for horizon 12, Test MAE: 22.5925, Test RMSE: 35.7822, Test MAPE: 0.1607
2026-06-03 02:03:22,925 - easytorch-training - INFO - Result <test>: [test_time: 1.25 (s), test_MAE: 22.0250, test_RMSE: 34.5967, test_MAPE: 0.1564]
2026-06-03 02:03:22,948 - easytorch-training - INFO - Checkpoint checkpoints/KASA_v2_100_v3_base_mapper_plus_prior_kan_seed4/e8933f7750d7f87c085bb283f9c53551/KASA_v2_027.pt saved
2026-06-03 02:03:22,948 - easytorch-training - INFO - The estimated training finish time is 2026-06-03 02:18:18
2026-06-03 02:03:22,948 - easytorch-training - INFO - Epoch 28 / 100
2026-06-03 02:03:32,832 - easytorch-training - INFO - Result <train>: [train_time: 9.88 (s), lr: 1.00e-03, train_MAE: 20.7387, train_RMSE: 33.0226, train_MAPE: 0.1648]
2026-06-03 02:03:32,834 - easytorch-training - INFO - Start validation.
2026-06-03 02:03:33,630 - easytorch-training - INFO - Result <val>: [val_time: 0.80 (s), val_MAE: 21.2278, val_RMSE: 31.8303, val_MAPE: 0.1489]
2026-06-03 02:03:34,766 - easytorch-training - INFO - Evaluate best model on test data for horizon 1, Test MAE: 20.9537, Test RMSE: 32.5526, Test MAPE: 0.1488
2026-06-03 02:03:34,768 - easytorch-training - INFO - Evaluate best model on test data for horizon 2, Test MAE: 20.9281, Test RMSE: 32.8150, Test MAPE: 0.1480
2026-06-03 02:03:34,771 - easytorch-training - INFO - Evaluate best model on test data for horizon 3, Test MAE: 21.2481, Test RMSE: 33.1844, Test MAPE: 0.1532
2026-06-03 02:03:34,773 - easytorch-training - INFO - Evaluate best model on test data for horizon 4, Test MAE: 21.8094, Test RMSE: 33.7916, Test MAPE: 0.1558
2026-06-03 02:03:34,776 - easytorch-training - INFO - Evaluate best model on test data for horizon 5, Test MAE: 22.2540, Test RMSE: 34.2997, Test MAPE: 0.1585
2026-06-03 02:03:34,778 - easytorch-training - INFO - Evaluate best model on test data for horizon 6, Test MAE: 21.5748, Test RMSE: 33.9620, Test MAPE: 0.1524
2026-06-03 02:03:34,781 - easytorch-training - INFO - Evaluate best model on test data for horizon 7, Test MAE: 21.7855, Test RMSE: 34.2457, Test MAPE: 0.1531
2026-06-03 02:03:34,783 - easytorch-training - INFO - Evaluate best model on test data for horizon 8, Test MAE: 21.6932, Test RMSE: 34.3546, Test MAPE: 0.1528
2026-06-03 02:03:34,785 - easytorch-training - INFO - Evaluate best model on test data for horizon 9, Test MAE: 22.0014, Test RMSE: 34.6955, Test MAPE: 0.1543
2026-06-03 02:03:34,788 - easytorch-training - INFO - Evaluate best model on test data for horizon 10, Test MAE: 23.5406, Test RMSE: 35.9826, Test MAPE: 0.1657
2026-06-03 02:03:34,790 - easytorch-training - INFO - Evaluate best model on test data for horizon 11, Test MAE: 22.2695, Test RMSE: 35.1343, Test MAPE: 0.1561
2026-06-03 02:03:34,793 - easytorch-training - INFO - Evaluate best model on test data for horizon 12, Test MAE: 22.3631, Test RMSE: 35.3994, Test MAPE: 0.1569
2026-06-03 02:03:34,889 - easytorch-training - INFO - Result <test>: [test_time: 1.26 (s), test_MAE: 21.8685, test_RMSE: 34.2157, test_MAPE: 0.1546]
2026-06-03 02:03:34,913 - easytorch-training - INFO - Checkpoint checkpoints/KASA_v2_100_v3_base_mapper_plus_prior_kan_seed4/e8933f7750d7f87c085bb283f9c53551/KASA_v2_028.pt saved
2026-06-03 02:03:34,913 - easytorch-training - INFO - The estimated training finish time is 2026-06-03 02:18:17
2026-06-03 02:03:34,913 - easytorch-training - INFO - Epoch 29 / 100
2026-06-03 02:03:45,033 - easytorch-training - INFO - Result <train>: [train_time: 10.12 (s), lr: 1.00e-03, train_MAE: 20.8250, train_RMSE: 33.0819, train_MAPE: 0.1656]
2026-06-03 02:03:45,035 - easytorch-training - INFO - Start validation.
2026-06-03 02:03:45,801 - easytorch-training - INFO - Result <val>: [val_time: 0.77 (s), val_MAE: 20.6035, val_RMSE: 31.2349, val_MAPE: 0.1497]
2026-06-03 02:03:45,848 - easytorch-training - INFO - Checkpoint checkpoints/KASA_v2_100_v3_base_mapper_plus_prior_kan_seed4/e8933f7750d7f87c085bb283f9c53551/KASA_v2_best_val_MAE.pt saved
2026-06-03 02:03:46,975 - easytorch-training - INFO - Evaluate best model on test data for horizon 1, Test MAE: 20.4360, Test RMSE: 32.1992, Test MAPE: 0.1471
2026-06-03 02:03:46,978 - easytorch-training - INFO - Evaluate best model on test data for horizon 2, Test MAE: 20.5376, Test RMSE: 32.5147, Test MAPE: 0.1498
2026-06-03 02:03:46,980 - easytorch-training - INFO - Evaluate best model on test data for horizon 3, Test MAE: 20.9561, Test RMSE: 32.8982, Test MAPE: 0.1588
2026-06-03 02:03:46,982 - easytorch-training - INFO - Evaluate best model on test data for horizon 4, Test MAE: 20.8598, Test RMSE: 33.0671, Test MAPE: 0.1585
2026-06-03 02:03:46,985 - easytorch-training - INFO - Evaluate best model on test data for horizon 5, Test MAE: 21.0575, Test RMSE: 33.3784, Test MAPE: 0.1588
2026-06-03 02:03:46,987 - easytorch-training - INFO - Evaluate best model on test data for horizon 6, Test MAE: 21.1115, Test RMSE: 33.5714, Test MAPE: 0.1583
2026-06-03 02:03:46,990 - easytorch-training - INFO - Evaluate best model on test data for horizon 7, Test MAE: 21.3738, Test RMSE: 33.9168, Test MAPE: 0.1606
2026-06-03 02:03:46,992 - easytorch-training - INFO - Evaluate best model on test data for horizon 8, Test MAE: 21.3208, Test RMSE: 34.0342, Test MAPE: 0.1566
2026-06-03 02:03:46,994 - easytorch-training - INFO - Evaluate best model on test data for horizon 9, Test MAE: 21.4600, Test RMSE: 34.2598, Test MAPE: 0.1559
2026-06-03 02:03:46,997 - easytorch-training - INFO - Evaluate best model on test data for horizon 10, Test MAE: 21.8989, Test RMSE: 34.7277, Test MAPE: 0.1537
2026-06-03 02:03:46,999 - easytorch-training - INFO - Evaluate best model on test data for horizon 11, Test MAE: 21.9984, Test RMSE: 34.8861, Test MAPE: 0.1553
2026-06-03 02:03:47,002 - easytorch-training - INFO - Evaluate best model on test data for horizon 12, Test MAE: 22.5773, Test RMSE: 35.4708, Test MAPE: 0.1573
2026-06-03 02:03:47,098 - easytorch-training - INFO - Result <test>: [test_time: 1.25 (s), test_MAE: 21.2990, test_RMSE: 33.7571, test_MAPE: 0.1559]
2026-06-03 02:03:47,122 - easytorch-training - INFO - Checkpoint checkpoints/KASA_v2_100_v3_base_mapper_plus_prior_kan_seed4/e8933f7750d7f87c085bb283f9c53551/KASA_v2_029.pt saved
2026-06-03 02:03:47,122 - easytorch-training - INFO - The estimated training finish time is 2026-06-03 02:18:17
2026-06-03 02:03:47,122 - easytorch-training - INFO - Epoch 30 / 100
2026-06-03 02:03:57,004 - easytorch-training - INFO - Result <train>: [train_time: 9.88 (s), lr: 1.00e-03, train_MAE: 20.5486, train_RMSE: 32.7715, train_MAPE: 0.1631]
2026-06-03 02:03:57,006 - easytorch-training - INFO - Start validation.
2026-06-03 02:03:57,798 - easytorch-training - INFO - Result <val>: [val_time: 0.79 (s), val_MAE: 21.0458, val_RMSE: 31.7107, val_MAPE: 0.1462]
2026-06-03 02:03:59,003 - easytorch-training - INFO - Evaluate best model on test data for horizon 1, Test MAE: 20.4743, Test RMSE: 32.0842, Test MAPE: 0.1435
2026-06-03 02:03:59,006 - easytorch-training - INFO - Evaluate best model on test data for horizon 2, Test MAE: 20.5961, Test RMSE: 32.4585, Test MAPE: 0.1449
2026-06-03 02:03:59,008 - easytorch-training - INFO - Evaluate best model on test data for horizon 3, Test MAE: 21.0302, Test RMSE: 32.8438, Test MAPE: 0.1495
2026-06-03 02:03:59,010 - easytorch-training - INFO - Evaluate best model on test data for horizon 4, Test MAE: 20.9619, Test RMSE: 33.1126, Test MAPE: 0.1474
2026-06-03 02:03:59,013 - easytorch-training - INFO - Evaluate best model on test data for horizon 5, Test MAE: 21.1095, Test RMSE: 33.3832, Test MAPE: 0.1481
2026-06-03 02:03:59,015 - easytorch-training - INFO - Evaluate best model on test data for horizon 6, Test MAE: 21.5418, Test RMSE: 33.7974, Test MAPE: 0.1517
2026-06-03 02:03:59,017 - easytorch-training - INFO - Evaluate best model on test data for horizon 7, Test MAE: 21.4127, Test RMSE: 33.9378, Test MAPE: 0.1503
2026-06-03 02:03:59,019 - easytorch-training - INFO - Evaluate best model on test data for horizon 8, Test MAE: 21.8978, Test RMSE: 34.3335, Test MAPE: 0.1537
2026-06-03 02:03:59,022 - easytorch-training - INFO - Evaluate best model on test data for horizon 9, Test MAE: 22.2641, Test RMSE: 34.7315, Test MAPE: 0.1562
2026-06-03 02:03:59,024 - easytorch-training - INFO - Evaluate best model on test data for horizon 10, Test MAE: 22.0855, Test RMSE: 34.7746, Test MAPE: 0.1535
2026-06-03 02:03:59,026 - easytorch-training - INFO - Evaluate best model on test data for horizon 11, Test MAE: 22.7673, Test RMSE: 35.3389, Test MAPE: 0.1584
2026-06-03 02:03:59,028 - easytorch-training - INFO - Evaluate best model on test data for horizon 12, Test MAE: 22.6464, Test RMSE: 35.4560, Test MAPE: 0.1560
2026-06-03 02:03:59,133 - easytorch-training - INFO - Result <test>: [test_time: 1.33 (s), test_MAE: 21.5656, test_RMSE: 33.8710, test_MAPE: 0.1511]
2026-06-03 02:03:59,157 - easytorch-training - INFO - Checkpoint checkpoints/KASA_v2_100_v3_base_mapper_plus_prior_kan_seed4/e8933f7750d7f87c085bb283f9c53551/KASA_v2_030.pt saved
2026-06-03 02:03:59,170 - easytorch-training - INFO - The estimated training finish time is 2026-06-03 02:18:16
2026-06-03 02:03:59,170 - easytorch-training - INFO - Epoch 31 / 100
2026-06-03 02:04:09,387 - easytorch-training - INFO - Result <train>: [train_time: 10.22 (s), lr: 1.00e-03, train_MAE: 20.6789, train_RMSE: 32.8517, train_MAPE: 0.1649]
2026-06-03 02:04:09,389 - easytorch-training - INFO - Start validation.
2026-06-03 02:04:10,166 - easytorch-training - INFO - Result <val>: [val_time: 0.78 (s), val_MAE: 21.9009, val_RMSE: 32.3235, val_MAPE: 0.1545]
2026-06-03 02:04:11,322 - easytorch-training - INFO - Evaluate best model on test data for horizon 1, Test MAE: 21.2304, Test RMSE: 32.7353, Test MAPE: 0.1512
2026-06-03 02:04:11,324 - easytorch-training - INFO - Evaluate best model on test data for horizon 2, Test MAE: 21.2526, Test RMSE: 33.0618, Test MAPE: 0.1504
2026-06-03 02:04:11,327 - easytorch-training - INFO - Evaluate best model on test data for horizon 3, Test MAE: 22.5459, Test RMSE: 33.9718, Test MAPE: 0.1788
2026-06-03 02:04:11,329 - easytorch-training - INFO - Evaluate best model on test data for horizon 4, Test MAE: 21.5456, Test RMSE: 33.6500, Test MAPE: 0.1525
2026-06-03 02:04:11,332 - easytorch-training - INFO - Evaluate best model on test data for horizon 5, Test MAE: 22.4934, Test RMSE: 34.5702, Test MAPE: 0.1589
2026-06-03 02:04:11,334 - easytorch-training - INFO - Evaluate best model on test data for horizon 6, Test MAE: 22.6143, Test RMSE: 34.8535, Test MAPE: 0.1581
2026-06-03 02:04:11,337 - easytorch-training - INFO - Evaluate best model on test data for horizon 7, Test MAE: 22.3663, Test RMSE: 34.7452, Test MAPE: 0.1560
2026-06-03 02:04:11,339 - easytorch-training - INFO - Evaluate best model on test data for horizon 8, Test MAE: 23.3043, Test RMSE: 35.6366, Test MAPE: 0.1639
2026-06-03 02:04:11,341 - easytorch-training - INFO - Evaluate best model on test data for horizon 9, Test MAE: 23.1564, Test RMSE: 35.5924, Test MAPE: 0.1633
2026-06-03 02:04:11,344 - easytorch-training - INFO - Evaluate best model on test data for horizon 10, Test MAE: 22.9775, Test RMSE: 35.5096, Test MAPE: 0.1616
2026-06-03 02:04:11,346 - easytorch-training - INFO - Evaluate best model on test data for horizon 11, Test MAE: 23.2821, Test RMSE: 35.8922, Test MAPE: 0.1630
2026-06-03 02:04:11,349 - easytorch-training - INFO - Evaluate best model on test data for horizon 12, Test MAE: 22.9861, Test RMSE: 35.8684, Test MAPE: 0.1592
2026-06-03 02:04:11,442 - easytorch-training - INFO - Result <test>: [test_time: 1.27 (s), test_MAE: 22.4796, test_RMSE: 34.6900, test_MAPE: 0.1597]
2026-06-03 02:04:11,465 - easytorch-training - INFO - Checkpoint checkpoints/KASA_v2_100_v3_base_mapper_plus_prior_kan_seed4/e8933f7750d7f87c085bb283f9c53551/KASA_v2_031.pt saved
2026-06-03 02:04:11,465 - easytorch-training - INFO - The estimated training finish time is 2026-06-03 02:18:16
2026-06-03 02:04:11,465 - easytorch-training - INFO - Epoch 32 / 100
2026-06-03 02:04:21,591 - easytorch-training - INFO - Result <train>: [train_time: 10.13 (s), lr: 1.00e-03, train_MAE: 20.4547, train_RMSE: 32.6169, train_MAPE: 0.1624]
2026-06-03 02:04:21,593 - easytorch-training - INFO - Start validation.
2026-06-03 02:04:22,384 - easytorch-training - INFO - Result <val>: [val_time: 0.79 (s), val_MAE: 20.6791, val_RMSE: 31.2058, val_MAPE: 0.1435]
2026-06-03 02:04:23,518 - easytorch-training - INFO - Evaluate best model on test data for horizon 1, Test MAE: 20.6417, Test RMSE: 32.1898, Test MAPE: 0.1437
2026-06-03 02:04:23,521 - easytorch-training - INFO - Evaluate best model on test data for horizon 2, Test MAE: 20.3250, Test RMSE: 32.1700, Test MAPE: 0.1442
2026-06-03 02:04:23,523 - easytorch-training - INFO - Evaluate best model on test data for horizon 3, Test MAE: 20.8744, Test RMSE: 32.6606, Test MAPE: 0.1480
2026-06-03 02:04:23,526 - easytorch-training - INFO - Evaluate best model on test data for horizon 4, Test MAE: 21.1163, Test RMSE: 33.1476, Test MAPE: 0.1478
2026-06-03 02:04:23,528 - easytorch-training - INFO - Evaluate best model on test data for horizon 5, Test MAE: 21.7998, Test RMSE: 33.9090, Test MAPE: 0.1513
2026-06-03 02:04:23,531 - easytorch-training - INFO - Evaluate best model on test data for horizon 6, Test MAE: 21.0175, Test RMSE: 33.4185, Test MAPE: 0.1485
2026-06-03 02:04:23,533 - easytorch-training - INFO - Evaluate best model on test data for horizon 7, Test MAE: 21.0219, Test RMSE: 33.5122, Test MAPE: 0.1487
2026-06-03 02:04:23,535 - easytorch-training - INFO - Evaluate best model on test data for horizon 8, Test MAE: 21.6420, Test RMSE: 34.1118, Test MAPE: 0.1506
2026-06-03 02:04:23,538 - easytorch-training - INFO - Evaluate best model on test data for horizon 9, Test MAE: 21.2789, Test RMSE: 33.9571, Test MAPE: 0.1501
2026-06-03 02:04:23,540 - easytorch-training - INFO - Evaluate best model on test data for horizon 10, Test MAE: 21.8182, Test RMSE: 34.5080, Test MAPE: 0.1511
2026-06-03 02:04:23,543 - easytorch-training - INFO - Evaluate best model on test data for horizon 11, Test MAE: 22.0260, Test RMSE: 34.7794, Test MAPE: 0.1525
2026-06-03 02:04:23,545 - easytorch-training - INFO - Evaluate best model on test data for horizon 12, Test MAE: 22.2066, Test RMSE: 35.0633, Test MAPE: 0.1535
2026-06-03 02:04:23,641 - easytorch-training - INFO - Result <test>: [test_time: 1.26 (s), test_MAE: 21.3140, test_RMSE: 33.6313, test_MAPE: 0.1492]
2026-06-03 02:04:23,664 - easytorch-training - INFO - Checkpoint checkpoints/KASA_v2_100_v3_base_mapper_plus_prior_kan_seed4/e8933f7750d7f87c085bb283f9c53551/KASA_v2_032.pt saved
2026-06-03 02:04:23,664 - easytorch-training - INFO - The estimated training finish time is 2026-06-03 02:18:16
2026-06-03 02:04:23,664 - easytorch-training - INFO - Epoch 33 / 100
2026-06-03 02:04:33,798 - easytorch-training - INFO - Result <train>: [train_time: 10.13 (s), lr: 1.00e-03, train_MAE: 20.3577, train_RMSE: 32.5017, train_MAPE: 0.1616]
2026-06-03 02:04:33,800 - easytorch-training - INFO - Start validation.
2026-06-03 02:04:34,610 - easytorch-training - INFO - Result <val>: [val_time: 0.81 (s), val_MAE: 21.5991, val_RMSE: 31.8935, val_MAPE: 0.1497]
2026-06-03 02:04:35,756 - easytorch-training - INFO - Evaluate best model on test data for horizon 1, Test MAE: 20.4805, Test RMSE: 32.0438, Test MAPE: 0.1426
2026-06-03 02:04:35,758 - easytorch-training - INFO - Evaluate best model on test data for horizon 2, Test MAE: 20.7168, Test RMSE: 32.4677, Test MAPE: 0.1448
2026-06-03 02:04:35,761 - easytorch-training - INFO - Evaluate best model on test data for horizon 3, Test MAE: 22.2494, Test RMSE: 33.7521, Test MAPE: 0.1622
2026-06-03 02:04:35,763 - easytorch-training - INFO - Evaluate best model on test data for horizon 4, Test MAE: 21.9156, Test RMSE: 33.8293, Test MAPE: 0.1520
2026-06-03 02:04:35,766 - easytorch-training - INFO - Evaluate best model on test data for horizon 5, Test MAE: 22.3040, Test RMSE: 34.2706, Test MAPE: 0.1547
2026-06-03 02:04:35,768 - easytorch-training - INFO - Evaluate best model on test data for horizon 6, Test MAE: 22.1423, Test RMSE: 34.1877, Test MAPE: 0.1547
2026-06-03 02:04:35,770 - easytorch-training - INFO - Evaluate best model on test data for horizon 7, Test MAE: 21.9560, Test RMSE: 34.2122, Test MAPE: 0.1517
2026-06-03 02:04:35,773 - easytorch-training - INFO - Evaluate best model on test data for horizon 8, Test MAE: 22.6236, Test RMSE: 34.8055, Test MAPE: 0.1577
2026-06-03 02:04:35,775 - easytorch-training - INFO - Evaluate best model on test data for horizon 9, Test MAE: 22.9553, Test RMSE: 35.2184, Test MAPE: 0.1592
2026-06-03 02:04:35,778 - easytorch-training - INFO - Evaluate best model on test data for horizon 10, Test MAE: 22.8714, Test RMSE: 35.2596, Test MAPE: 0.1583
2026-06-03 02:04:35,780 - easytorch-training - INFO - Evaluate best model on test data for horizon 11, Test MAE: 22.9798, Test RMSE: 35.4034, Test MAPE: 0.1598
2026-06-03 02:04:35,783 - easytorch-training - INFO - Evaluate best model on test data for horizon 12, Test MAE: 23.3471, Test RMSE: 35.8321, Test MAPE: 0.1621
2026-06-03 02:04:35,879 - easytorch-training - INFO - Result <test>: [test_time: 1.27 (s), test_MAE: 22.2118, test_RMSE: 34.2913, test_MAPE: 0.1550]
2026-06-03 02:04:35,903 - easytorch-training - INFO - Checkpoint checkpoints/KASA_v2_100_v3_base_mapper_plus_prior_kan_seed4/e8933f7750d7f87c085bb283f9c53551/KASA_v2_033.pt saved
2026-06-03 02:04:35,903 - easytorch-training - INFO - The estimated training finish time is 2026-06-03 02:18:16
2026-06-03 02:04:35,903 - easytorch-training - INFO - Epoch 34 / 100
2026-06-03 02:04:46,071 - easytorch-training - INFO - Result <train>: [train_time: 10.17 (s), lr: 1.00e-03, train_MAE: 20.4122, train_RMSE: 32.5170, train_MAPE: 0.1623]
2026-06-03 02:04:46,073 - easytorch-training - INFO - Start validation.
2026-06-03 02:04:46,848 - easytorch-training - INFO - Result <val>: [val_time: 0.77 (s), val_MAE: 20.1886, val_RMSE: 30.7539, val_MAPE: 0.1464]
2026-06-03 02:04:46,894 - easytorch-training - INFO - Checkpoint checkpoints/KASA_v2_100_v3_base_mapper_plus_prior_kan_seed4/e8933f7750d7f87c085bb283f9c53551/KASA_v2_best_val_MAE.pt saved
2026-06-03 02:04:48,034 - easytorch-training - INFO - Evaluate best model on test data for horizon 1, Test MAE: 19.9695, Test RMSE: 31.5233, Test MAPE: 0.1460
2026-06-03 02:04:48,037 - easytorch-training - INFO - Evaluate best model on test data for horizon 2, Test MAE: 20.1339, Test RMSE: 31.9268, Test MAPE: 0.1490
2026-06-03 02:04:48,040 - easytorch-training - INFO - Evaluate best model on test data for horizon 3, Test MAE: 20.5340, Test RMSE: 32.3499, Test MAPE: 0.1465
2026-06-03 02:04:48,042 - easytorch-training - INFO - Evaluate best model on test data for horizon 4, Test MAE: 20.4021, Test RMSE: 32.5500, Test MAPE: 0.1485
2026-06-03 02:04:48,044 - easytorch-training - INFO - Evaluate best model on test data for horizon 5, Test MAE: 20.5710, Test RMSE: 32.8234, Test MAPE: 0.1525
2026-06-03 02:04:48,047 - easytorch-training - INFO - Evaluate best model on test data for horizon 6, Test MAE: 20.8983, Test RMSE: 33.1973, Test MAPE: 0.1579
2026-06-03 02:04:48,049 - easytorch-training - INFO - Evaluate best model on test data for horizon 7, Test MAE: 20.7947, Test RMSE: 33.2985, Test MAPE: 0.1511
2026-06-03 02:04:48,052 - easytorch-training - INFO - Evaluate best model on test data for horizon 8, Test MAE: 20.9584, Test RMSE: 33.5808, Test MAPE: 0.1528
2026-06-03 02:04:48,054 - easytorch-training - INFO - Evaluate best model on test data for horizon 9, Test MAE: 21.1213, Test RMSE: 33.8391, Test MAPE: 0.1529
2026-06-03 02:04:48,057 - easytorch-training - INFO - Evaluate best model on test data for horizon 10, Test MAE: 21.3483, Test RMSE: 34.1279, Test MAPE: 0.1562
2026-06-03 02:04:48,059 - easytorch-training - INFO - Evaluate best model on test data for horizon 11, Test MAE: 21.4578, Test RMSE: 34.3167, Test MAPE: 0.1545
2026-06-03 02:04:48,061 - easytorch-training - INFO - Evaluate best model on test data for horizon 12, Test MAE: 21.7739, Test RMSE: 34.7251, Test MAPE: 0.1600
2026-06-03 02:04:48,158 - easytorch-training - INFO - Result <test>: [test_time: 1.26 (s), test_MAE: 20.8303, test_RMSE: 33.2017, test_MAPE: 0.1523]
2026-06-03 02:04:48,182 - easytorch-training - INFO - Checkpoint checkpoints/KASA_v2_100_v3_base_mapper_plus_prior_kan_seed4/e8933f7750d7f87c085bb283f9c53551/KASA_v2_034.pt saved
2026-06-03 02:04:48,182 - easytorch-training - INFO - The estimated training finish time is 2026-06-03 02:18:16
2026-06-03 02:04:48,182 - easytorch-training - INFO - Epoch 35 / 100
2026-06-03 02:04:58,295 - easytorch-training - INFO - Result <train>: [train_time: 10.11 (s), lr: 1.00e-03, train_MAE: 20.2077, train_RMSE: 32.2965, train_MAPE: 0.1599]
2026-06-03 02:04:58,296 - easytorch-training - INFO - Start validation.
2026-06-03 02:04:59,087 - easytorch-training - INFO - Result <val>: [val_time: 0.79 (s), val_MAE: 20.4474, val_RMSE: 31.1492, val_MAPE: 0.1485]
2026-06-03 02:05:00,234 - easytorch-training - INFO - Evaluate best model on test data for horizon 1, Test MAE: 20.4659, Test RMSE: 32.3610, Test MAPE: 0.1483
2026-06-03 02:05:00,236 - easytorch-training - INFO - Evaluate best model on test data for horizon 2, Test MAE: 20.5425, Test RMSE: 32.5694, Test MAPE: 0.1510
2026-06-03 02:05:00,239 - easytorch-training - INFO - Evaluate best model on test data for horizon 3, Test MAE: 20.7471, Test RMSE: 32.8193, Test MAPE: 0.1550
2026-06-03 02:05:00,241 - easytorch-training - INFO - Evaluate best model on test data for horizon 4, Test MAE: 20.7172, Test RMSE: 33.0250, Test MAPE: 0.1531
2026-06-03 02:05:00,244 - easytorch-training - INFO - Evaluate best model on test data for horizon 5, Test MAE: 20.7513, Test RMSE: 33.1729, Test MAPE: 0.1509
2026-06-03 02:05:00,246 - easytorch-training - INFO - Evaluate best model on test data for horizon 6, Test MAE: 21.0592, Test RMSE: 33.6414, Test MAPE: 0.1549
2026-06-03 02:05:00,248 - easytorch-training - INFO - Evaluate best model on test data for horizon 7, Test MAE: 20.9843, Test RMSE: 33.6150, Test MAPE: 0.1528
2026-06-03 02:05:00,251 - easytorch-training - INFO - Evaluate best model on test data for horizon 8, Test MAE: 21.3714, Test RMSE: 34.1944, Test MAPE: 0.1580
2026-06-03 02:05:00,253 - easytorch-training - INFO - Evaluate best model on test data for horizon 9, Test MAE: 21.3796, Test RMSE: 34.2201, Test MAPE: 0.1566
2026-06-03 02:05:00,256 - easytorch-training - INFO - Evaluate best model on test data for horizon 10, Test MAE: 21.5939, Test RMSE: 34.5290, Test MAPE: 0.1604
2026-06-03 02:05:00,258 - easytorch-training - INFO - Evaluate best model on test data for horizon 11, Test MAE: 21.7137, Test RMSE: 34.7549, Test MAPE: 0.1596
2026-06-03 02:05:00,261 - easytorch-training - INFO - Evaluate best model on test data for horizon 12, Test MAE: 22.0211, Test RMSE: 35.1663, Test MAPE: 0.1633
2026-06-03 02:05:00,356 - easytorch-training - INFO - Result <test>: [test_time: 1.27 (s), test_MAE: 21.1123, test_RMSE: 33.6836, test_MAPE: 0.1553]
2026-06-03 02:05:00,379 - easytorch-training - INFO - Checkpoint checkpoints/KASA_v2_100_v3_base_mapper_plus_prior_kan_seed4/e8933f7750d7f87c085bb283f9c53551/KASA_v2_035.pt saved
2026-06-03 02:05:00,379 - easytorch-training - INFO - The estimated training finish time is 2026-06-03 02:18:16
2026-06-03 02:05:00,379 - easytorch-training - INFO - Epoch 36 / 100
2026-06-03 02:05:10,253 - easytorch-training - INFO - Result <train>: [train_time: 9.87 (s), lr: 5.00e-04, train_MAE: 19.7954, train_RMSE: 31.8667, train_MAPE: 0.1557]
2026-06-03 02:05:10,255 - easytorch-training - INFO - Start validation.
2026-06-03 02:05:11,025 - easytorch-training - INFO - Result <val>: [val_time: 0.77 (s), val_MAE: 20.0187, val_RMSE: 30.5081, val_MAPE: 0.1416]
2026-06-03 02:05:11,072 - easytorch-training - INFO - Checkpoint checkpoints/KASA_v2_100_v3_base_mapper_plus_prior_kan_seed4/e8933f7750d7f87c085bb283f9c53551/KASA_v2_best_val_MAE.pt saved
2026-06-03 02:05:12,178 - easytorch-training - INFO - Evaluate best model on test data for horizon 1, Test MAE: 19.6518, Test RMSE: 31.2027, Test MAPE: 0.1407
2026-06-03 02:05:12,181 - easytorch-training - INFO - Evaluate best model on test data for horizon 2, Test MAE: 19.8577, Test RMSE: 31.6539, Test MAPE: 0.1430
2026-06-03 02:05:12,183 - easytorch-training - INFO - Evaluate best model on test data for horizon 3, Test MAE: 20.4283, Test RMSE: 32.0254, Test MAPE: 0.1660
2026-06-03 02:05:12,186 - easytorch-training - INFO - Evaluate best model on test data for horizon 4, Test MAE: 20.3491, Test RMSE: 32.4248, Test MAPE: 0.1434
2026-06-03 02:05:12,188 - easytorch-training - INFO - Evaluate best model on test data for horizon 5, Test MAE: 20.5011, Test RMSE: 32.6905, Test MAPE: 0.1442
2026-06-03 02:05:12,191 - easytorch-training - INFO - Evaluate best model on test data for horizon 6, Test MAE: 20.5959, Test RMSE: 32.9213, Test MAPE: 0.1451
2026-06-03 02:05:12,193 - easytorch-training - INFO - Evaluate best model on test data for horizon 7, Test MAE: 20.7837, Test RMSE: 33.1816, Test MAPE: 0.1459
2026-06-03 02:05:12,195 - easytorch-training - INFO - Evaluate best model on test data for horizon 8, Test MAE: 20.7750, Test RMSE: 33.3112, Test MAPE: 0.1472
2026-06-03 02:05:12,198 - easytorch-training - INFO - Evaluate best model on test data for horizon 9, Test MAE: 20.9028, Test RMSE: 33.5422, Test MAPE: 0.1482
2026-06-03 02:05:12,200 - easytorch-training - INFO - Evaluate best model on test data for horizon 10, Test MAE: 21.2460, Test RMSE: 33.8942, Test MAPE: 0.1487
2026-06-03 02:05:12,203 - easytorch-training - INFO - Evaluate best model on test data for horizon 11, Test MAE: 21.2660, Test RMSE: 34.0600, Test MAPE: 0.1505
2026-06-03 02:05:12,205 - easytorch-training - INFO - Evaluate best model on test data for horizon 12, Test MAE: 21.7048, Test RMSE: 34.5611, Test MAPE: 0.1514
2026-06-03 02:05:12,301 - easytorch-training - INFO - Result <test>: [test_time: 1.23 (s), test_MAE: 20.6719, test_RMSE: 32.9699, test_MAPE: 0.1479]
2026-06-03 02:05:12,325 - easytorch-training - INFO - Checkpoint checkpoints/KASA_v2_100_v3_base_mapper_plus_prior_kan_seed4/e8933f7750d7f87c085bb283f9c53551/KASA_v2_036.pt saved
2026-06-03 02:05:12,325 - easytorch-training - INFO - The estimated training finish time is 2026-06-03 02:18:15
2026-06-03 02:05:12,325 - easytorch-training - INFO - Epoch 37 / 100
2026-06-03 02:05:21,927 - easytorch-training - INFO - Result <train>: [train_time: 9.60 (s), lr: 5.00e-04, train_MAE: 19.7627, train_RMSE: 31.7953, train_MAPE: 0.1555]
2026-06-03 02:05:21,929 - easytorch-training - INFO - Start validation.
2026-06-03 02:05:22,705 - easytorch-training - INFO - Result <val>: [val_time: 0.78 (s), val_MAE: 20.0488, val_RMSE: 30.5246, val_MAPE: 0.1410]
2026-06-03 02:05:23,831 - easytorch-training - INFO - Evaluate best model on test data for horizon 1, Test MAE: 19.6992, Test RMSE: 31.2118, Test MAPE: 0.1426
2026-06-03 02:05:23,834 - easytorch-training - INFO - Evaluate best model on test data for horizon 2, Test MAE: 19.8307, Test RMSE: 31.5392, Test MAPE: 0.1469
2026-06-03 02:05:23,836 - easytorch-training - INFO - Evaluate best model on test data for horizon 3, Test MAE: 20.3447, Test RMSE: 32.1245, Test MAPE: 0.1430
2026-06-03 02:05:23,839 - easytorch-training - INFO - Evaluate best model on test data for horizon 4, Test MAE: 20.1676, Test RMSE: 32.2336, Test MAPE: 0.1447
2026-06-03 02:05:23,841 - easytorch-training - INFO - Evaluate best model on test data for horizon 5, Test MAE: 20.3110, Test RMSE: 32.5085, Test MAPE: 0.1459
2026-06-03 02:05:23,843 - easytorch-training - INFO - Evaluate best model on test data for horizon 6, Test MAE: 20.5312, Test RMSE: 32.8253, Test MAPE: 0.1460
2026-06-03 02:05:23,846 - easytorch-training - INFO - Evaluate best model on test data for horizon 7, Test MAE: 20.8838, Test RMSE: 33.2393, Test MAPE: 0.1463
2026-06-03 02:05:23,848 - easytorch-training - INFO - Evaluate best model on test data for horizon 8, Test MAE: 21.0388, Test RMSE: 33.4889, Test MAPE: 0.1472
2026-06-03 02:05:23,851 - easytorch-training - INFO - Evaluate best model on test data for horizon 9, Test MAE: 21.0674, Test RMSE: 33.6380, Test MAPE: 0.1483
2026-06-03 02:05:23,853 - easytorch-training - INFO - Evaluate best model on test data for horizon 10, Test MAE: 21.1626, Test RMSE: 33.8089, Test MAPE: 0.1501
2026-06-03 02:05:23,856 - easytorch-training - INFO - Evaluate best model on test data for horizon 11, Test MAE: 21.3988, Test RMSE: 34.1146, Test MAPE: 0.1503
2026-06-03 02:05:23,858 - easytorch-training - INFO - Evaluate best model on test data for horizon 12, Test MAE: 21.6897, Test RMSE: 34.5007, Test MAPE: 0.1520
2026-06-03 02:05:23,953 - easytorch-training - INFO - Result <test>: [test_time: 1.25 (s), test_MAE: 20.6771, test_RMSE: 32.9510, test_MAPE: 0.1469]
2026-06-03 02:05:23,977 - easytorch-training - INFO - Checkpoint checkpoints/KASA_v2_100_v3_base_mapper_plus_prior_kan_seed4/e8933f7750d7f87c085bb283f9c53551/KASA_v2_037.pt saved
2026-06-03 02:05:23,977 - easytorch-training - INFO - The estimated training finish time is 2026-06-03 02:18:13
2026-06-03 02:05:23,977 - easytorch-training - INFO - Epoch 38 / 100
2026-06-03 02:05:34,127 - easytorch-training - INFO - Result <train>: [train_time: 10.15 (s), lr: 5.00e-04, train_MAE: 19.7229, train_RMSE: 31.7293, train_MAPE: 0.1555]
2026-06-03 02:05:34,128 - easytorch-training - INFO - Start validation.
2026-06-03 02:05:34,916 - easytorch-training - INFO - Result <val>: [val_time: 0.79 (s), val_MAE: 20.1343, val_RMSE: 30.5820, val_MAPE: 0.1401]
2026-06-03 02:05:36,089 - easytorch-training - INFO - Evaluate best model on test data for horizon 1, Test MAE: 19.5982, Test RMSE: 31.0760, Test MAPE: 0.1397
2026-06-03 02:05:36,092 - easytorch-training - INFO - Evaluate best model on test data for horizon 2, Test MAE: 19.7798, Test RMSE: 31.5125, Test MAPE: 0.1416
2026-06-03 02:05:36,094 - easytorch-training - INFO - Evaluate best model on test data for horizon 3, Test MAE: 20.7432, Test RMSE: 32.3880, Test MAPE: 0.1472
2026-06-03 02:05:36,097 - easytorch-training - INFO - Evaluate best model on test data for horizon 4, Test MAE: 20.1764, Test RMSE: 32.2278, Test MAPE: 0.1436
2026-06-03 02:05:36,099 - easytorch-training - INFO - Evaluate best model on test data for horizon 5, Test MAE: 20.3016, Test RMSE: 32.4921, Test MAPE: 0.1447
2026-06-03 02:05:36,102 - easytorch-training - INFO - Evaluate best model on test data for horizon 6, Test MAE: 20.6717, Test RMSE: 32.9089, Test MAPE: 0.1456
2026-06-03 02:05:36,104 - easytorch-training - INFO - Evaluate best model on test data for horizon 7, Test MAE: 20.8551, Test RMSE: 33.1799, Test MAPE: 0.1468
2026-06-03 02:05:36,106 - easytorch-training - INFO - Evaluate best model on test data for horizon 8, Test MAE: 21.2056, Test RMSE: 33.5877, Test MAPE: 0.1484
2026-06-03 02:05:36,109 - easytorch-training - INFO - Evaluate best model on test data for horizon 9, Test MAE: 21.3982, Test RMSE: 33.8921, Test MAPE: 0.1492
2026-06-03 02:05:36,111 - easytorch-training - INFO - Evaluate best model on test data for horizon 10, Test MAE: 21.5492, Test RMSE: 34.1333, Test MAPE: 0.1502
2026-06-03 02:05:36,114 - easytorch-training - INFO - Evaluate best model on test data for horizon 11, Test MAE: 21.7017, Test RMSE: 34.3696, Test MAPE: 0.1514
2026-06-03 02:05:36,116 - easytorch-training - INFO - Evaluate best model on test data for horizon 12, Test MAE: 21.7860, Test RMSE: 34.5948, Test MAPE: 0.1521
2026-06-03 02:05:36,211 - easytorch-training - INFO - Result <test>: [test_time: 1.29 (s), test_MAE: 20.8139, test_RMSE: 33.0479, test_MAPE: 0.1467]
2026-06-03 02:05:36,235 - easytorch-training - INFO - Checkpoint checkpoints/KASA_v2_100_v3_base_mapper_plus_prior_kan_seed4/e8933f7750d7f87c085bb283f9c53551/KASA_v2_038.pt saved
2026-06-03 02:05:36,236 - easytorch-training - INFO - The estimated training finish time is 2026-06-03 02:18:14
2026-06-03 02:05:36,236 - easytorch-training - INFO - Epoch 39 / 100
2026-06-03 02:05:46,417 - easytorch-training - INFO - Result <train>: [train_time: 10.18 (s), lr: 5.00e-04, train_MAE: 19.6975, train_RMSE: 31.6898, train_MAPE: 0.1552]
2026-06-03 02:05:46,418 - easytorch-training - INFO - Start validation.
2026-06-03 02:05:47,193 - easytorch-training - INFO - Result <val>: [val_time: 0.77 (s), val_MAE: 19.9441, val_RMSE: 30.3507, val_MAPE: 0.1459]
2026-06-03 02:05:47,239 - easytorch-training - INFO - Checkpoint checkpoints/KASA_v2_100_v3_base_mapper_plus_prior_kan_seed4/e8933f7750d7f87c085bb283f9c53551/KASA_v2_best_val_MAE.pt saved
2026-06-03 02:05:48,386 - easytorch-training - INFO - Evaluate best model on test data for horizon 1, Test MAE: 19.6643, Test RMSE: 31.0958, Test MAPE: 0.1416
2026-06-03 02:05:48,388 - easytorch-training - INFO - Evaluate best model on test data for horizon 2, Test MAE: 19.8362, Test RMSE: 31.4703, Test MAPE: 0.1467
2026-06-03 02:05:48,391 - easytorch-training - INFO - Evaluate best model on test data for horizon 3, Test MAE: 20.4152, Test RMSE: 31.8617, Test MAPE: 0.1681
2026-06-03 02:05:48,393 - easytorch-training - INFO - Evaluate best model on test data for horizon 4, Test MAE: 20.2878, Test RMSE: 32.1409, Test MAPE: 0.1535
2026-06-03 02:05:48,396 - easytorch-training - INFO - Evaluate best model on test data for horizon 5, Test MAE: 20.3613, Test RMSE: 32.3976, Test MAPE: 0.1507
2026-06-03 02:05:48,398 - easytorch-training - INFO - Evaluate best model on test data for horizon 6, Test MAE: 20.4730, Test RMSE: 32.6327, Test MAPE: 0.1529
2026-06-03 02:05:48,400 - easytorch-training - INFO - Evaluate best model on test data for horizon 7, Test MAE: 20.5700, Test RMSE: 32.9004, Test MAPE: 0.1479
2026-06-03 02:05:48,403 - easytorch-training - INFO - Evaluate best model on test data for horizon 8, Test MAE: 20.7197, Test RMSE: 33.1524, Test MAPE: 0.1477
2026-06-03 02:05:48,405 - easytorch-training - INFO - Evaluate best model on test data for horizon 9, Test MAE: 20.8552, Test RMSE: 33.4008, Test MAPE: 0.1487
2026-06-03 02:05:48,408 - easytorch-training - INFO - Evaluate best model on test data for horizon 10, Test MAE: 21.0400, Test RMSE: 33.6015, Test MAPE: 0.1524
2026-06-03 02:05:48,410 - easytorch-training - INFO - Evaluate best model on test data for horizon 11, Test MAE: 21.2431, Test RMSE: 33.8671, Test MAPE: 0.1544
2026-06-03 02:05:48,413 - easytorch-training - INFO - Evaluate best model on test data for horizon 12, Test MAE: 21.4061, Test RMSE: 34.1874, Test MAPE: 0.1528
2026-06-03 02:05:48,509 - easytorch-training - INFO - Result <test>: [test_time: 1.27 (s), test_MAE: 20.5727, test_RMSE: 32.7389, test_MAPE: 0.1514]
2026-06-03 02:05:48,533 - easytorch-training - INFO - Checkpoint checkpoints/KASA_v2_100_v3_base_mapper_plus_prior_kan_seed4/e8933f7750d7f87c085bb283f9c53551/KASA_v2_039.pt saved
2026-06-03 02:05:48,533 - easytorch-training - INFO - The estimated training finish time is 2026-06-03 02:18:14
2026-06-03 02:05:48,533 - easytorch-training - INFO - Epoch 40 / 100
2026-06-03 02:05:58,685 - easytorch-training - INFO - Result <train>: [train_time: 10.15 (s), lr: 5.00e-04, train_MAE: 19.6802, train_RMSE: 31.6482, train_MAPE: 0.1550]
2026-06-03 02:05:58,687 - easytorch-training - INFO - Start validation.
2026-06-03 02:05:59,489 - easytorch-training - INFO - Result <val>: [val_time: 0.80 (s), val_MAE: 19.9551, val_RMSE: 30.3643, val_MAPE: 0.1397]
2026-06-03 02:06:00,679 - easytorch-training - INFO - Evaluate best model on test data for horizon 1, Test MAE: 19.5689, Test RMSE: 31.0135, Test MAPE: 0.1384
2026-06-03 02:06:00,682 - easytorch-training - INFO - Evaluate best model on test data for horizon 2, Test MAE: 19.9390, Test RMSE: 31.6202, Test MAPE: 0.1401
2026-06-03 02:06:00,684 - easytorch-training - INFO - Evaluate best model on test data for horizon 3, Test MAE: 20.3521, Test RMSE: 32.0288, Test MAPE: 0.1431
2026-06-03 02:06:00,687 - easytorch-training - INFO - Evaluate best model on test data for horizon 4, Test MAE: 20.0179, Test RMSE: 32.0485, Test MAPE: 0.1435
2026-06-03 02:06:00,690 - easytorch-training - INFO - Evaluate best model on test data for horizon 5, Test MAE: 20.4600, Test RMSE: 32.5852, Test MAPE: 0.1436
2026-06-03 02:06:00,692 - easytorch-training - INFO - Evaluate best model on test data for horizon 6, Test MAE: 20.6108, Test RMSE: 32.8400, Test MAPE: 0.1445
2026-06-03 02:06:00,695 - easytorch-training - INFO - Evaluate best model on test data for horizon 7, Test MAE: 20.4039, Test RMSE: 32.7998, Test MAPE: 0.1469
2026-06-03 02:06:00,698 - easytorch-training - INFO - Evaluate best model on test data for horizon 8, Test MAE: 20.8208, Test RMSE: 33.2416, Test MAPE: 0.1462
2026-06-03 02:06:00,700 - easytorch-training - INFO - Evaluate best model on test data for horizon 9, Test MAE: 20.7669, Test RMSE: 33.3503, Test MAPE: 0.1480
2026-06-03 02:06:00,703 - easytorch-training - INFO - Evaluate best model on test data for horizon 10, Test MAE: 20.8880, Test RMSE: 33.5489, Test MAPE: 0.1528
2026-06-03 02:06:00,706 - easytorch-training - INFO - Evaluate best model on test data for horizon 11, Test MAE: 21.3602, Test RMSE: 34.0246, Test MAPE: 0.1496
2026-06-03 02:06:00,708 - easytorch-training - INFO - Evaluate best model on test data for horizon 12, Test MAE: 21.3617, Test RMSE: 34.1877, Test MAPE: 0.1513
2026-06-03 02:06:00,808 - easytorch-training - INFO - Result <test>: [test_time: 1.32 (s), test_MAE: 20.5459, test_RMSE: 32.7872, test_MAPE: 0.1457]
2026-06-03 02:06:00,831 - easytorch-training - INFO - Checkpoint checkpoints/KASA_v2_100_v3_base_mapper_plus_prior_kan_seed4/e8933f7750d7f87c085bb283f9c53551/KASA_v2_040.pt saved
2026-06-03 02:06:00,844 - easytorch-training - INFO - The estimated training finish time is 2026-06-03 02:18:14
2026-06-03 02:06:00,844 - easytorch-training - INFO - Epoch 41 / 100
2026-06-03 02:06:11,305 - easytorch-training - INFO - Result <train>: [train_time: 10.46 (s), lr: 5.00e-04, train_MAE: 19.6581, train_RMSE: 31.5976, train_MAPE: 0.1549]
2026-06-03 02:06:11,307 - easytorch-training - INFO - Start validation.
2026-06-03 02:06:12,065 - easytorch-training - INFO - Result <val>: [val_time: 0.76 (s), val_MAE: 19.7763, val_RMSE: 30.1983, val_MAPE: 0.1425]
2026-06-03 02:06:12,112 - easytorch-training - INFO - Checkpoint checkpoints/KASA_v2_100_v3_base_mapper_plus_prior_kan_seed4/e8933f7750d7f87c085bb283f9c53551/KASA_v2_best_val_MAE.pt saved
2026-06-03 02:06:13,281 - easytorch-training - INFO - Evaluate best model on test data for horizon 1, Test MAE: 19.6142, Test RMSE: 31.0647, Test MAPE: 0.1407
2026-06-03 02:06:13,284 - easytorch-training - INFO - Evaluate best model on test data for horizon 2, Test MAE: 19.8567, Test RMSE: 31.5708, Test MAPE: 0.1422
2026-06-03 02:06:13,286 - easytorch-training - INFO - Evaluate best model on test data for horizon 3, Test MAE: 20.0767, Test RMSE: 31.7046, Test MAPE: 0.1523
2026-06-03 02:06:13,288 - easytorch-training - INFO - Evaluate best model on test data for horizon 4, Test MAE: 20.0582, Test RMSE: 32.0583, Test MAPE: 0.1462
2026-06-03 02:06:13,290 - easytorch-training - INFO - Evaluate best model on test data for horizon 5, Test MAE: 20.1621, Test RMSE: 32.2927, Test MAPE: 0.1451
2026-06-03 02:06:13,293 - easytorch-training - INFO - Evaluate best model on test data for horizon 6, Test MAE: 20.3077, Test RMSE: 32.5292, Test MAPE: 0.1502
2026-06-03 02:06:13,295 - easytorch-training - INFO - Evaluate best model on test data for horizon 7, Test MAE: 20.3920, Test RMSE: 32.7356, Test MAPE: 0.1480
2026-06-03 02:06:13,297 - easytorch-training - INFO - Evaluate best model on test data for horizon 8, Test MAE: 20.5770, Test RMSE: 32.9743, Test MAPE: 0.1535
2026-06-03 02:06:13,299 - easytorch-training - INFO - Evaluate best model on test data for horizon 9, Test MAE: 20.7270, Test RMSE: 33.2590, Test MAPE: 0.1522
2026-06-03 02:06:13,302 - easytorch-training - INFO - Evaluate best model on test data for horizon 10, Test MAE: 20.9859, Test RMSE: 33.5979, Test MAPE: 0.1502
2026-06-03 02:06:13,304 - easytorch-training - INFO - Evaluate best model on test data for horizon 11, Test MAE: 21.1156, Test RMSE: 33.7936, Test MAPE: 0.1570
2026-06-03 02:06:13,306 - easytorch-training - INFO - Evaluate best model on test data for horizon 12, Test MAE: 21.3482, Test RMSE: 34.1764, Test MAPE: 0.1532
2026-06-03 02:06:13,397 - easytorch-training - INFO - Result <test>: [test_time: 1.28 (s), test_MAE: 20.4351, test_RMSE: 32.6593, test_MAPE: 0.1492]
2026-06-03 02:06:13,426 - easytorch-training - INFO - Checkpoint checkpoints/KASA_v2_100_v3_base_mapper_plus_prior_kan_seed4/e8933f7750d7f87c085bb283f9c53551/KASA_v2_041.pt saved
2026-06-03 02:06:13,427 - easytorch-training - INFO - The estimated training finish time is 2026-06-03 02:18:15
2026-06-03 02:06:13,427 - easytorch-training - INFO - Epoch 42 / 100
2026-06-03 02:06:23,444 - easytorch-training - INFO - Result <train>: [train_time: 10.02 (s), lr: 5.00e-04, train_MAE: 19.5874, train_RMSE: 31.5261, train_MAPE: 0.1542]
2026-06-03 02:06:23,445 - easytorch-training - INFO - Start validation.
2026-06-03 02:06:24,201 - easytorch-training - INFO - Result <val>: [val_time: 0.76 (s), val_MAE: 19.7761, val_RMSE: 30.2002, val_MAPE: 0.1435]
2026-06-03 02:06:24,248 - easytorch-training - INFO - Checkpoint checkpoints/KASA_v2_100_v3_base_mapper_plus_prior_kan_seed4/e8933f7750d7f87c085bb283f9c53551/KASA_v2_best_val_MAE.pt saved
2026-06-03 02:06:25,361 - easytorch-training - INFO - Evaluate best model on test data for horizon 1, Test MAE: 19.4896, Test RMSE: 30.8950, Test MAPE: 0.1436
2026-06-03 02:06:25,364 - easytorch-training - INFO - Evaluate best model on test data for horizon 2, Test MAE: 19.5837, Test RMSE: 31.2059, Test MAPE: 0.1443
2026-06-03 02:06:25,367 - easytorch-training - INFO - Evaluate best model on test data for horizon 3, Test MAE: 20.2889, Test RMSE: 31.6694, Test MAPE: 0.1735
2026-06-03 02:06:25,369 - easytorch-training - INFO - Evaluate best model on test data for horizon 4, Test MAE: 19.9855, Test RMSE: 31.9474, Test MAPE: 0.1487
2026-06-03 02:06:25,372 - easytorch-training - INFO - Evaluate best model on test data for horizon 5, Test MAE: 19.9884, Test RMSE: 32.1248, Test MAPE: 0.1456
2026-06-03 02:06:25,374 - easytorch-training - INFO - Evaluate best model on test data for horizon 6, Test MAE: 20.1739, Test RMSE: 32.3979, Test MAPE: 0.1483
2026-06-03 02:06:25,377 - easytorch-training - INFO - Evaluate best model on test data for horizon 7, Test MAE: 20.2834, Test RMSE: 32.6674, Test MAPE: 0.1466
2026-06-03 02:06:25,379 - easytorch-training - INFO - Evaluate best model on test data for horizon 8, Test MAE: 20.4223, Test RMSE: 32.8965, Test MAPE: 0.1478
2026-06-03 02:06:25,381 - easytorch-training - INFO - Evaluate best model on test data for horizon 9, Test MAE: 20.5735, Test RMSE: 33.1386, Test MAPE: 0.1481
2026-06-03 02:06:25,384 - easytorch-training - INFO - Evaluate best model on test data for horizon 10, Test MAE: 20.7941, Test RMSE: 33.4312, Test MAPE: 0.1471
2026-06-03 02:06:25,386 - easytorch-training - INFO - Evaluate best model on test data for horizon 11, Test MAE: 21.0383, Test RMSE: 33.7349, Test MAPE: 0.1479
2026-06-03 02:06:25,389 - easytorch-training - INFO - Evaluate best model on test data for horizon 12, Test MAE: 21.4405, Test RMSE: 34.1866, Test MAPE: 0.1494
2026-06-03 02:06:25,483 - easytorch-training - INFO - Result <test>: [test_time: 1.23 (s), test_MAE: 20.3385, test_RMSE: 32.5390, test_MAPE: 0.1492]
2026-06-03 02:06:25,507 - easytorch-training - INFO - Checkpoint checkpoints/KASA_v2_100_v3_base_mapper_plus_prior_kan_seed4/e8933f7750d7f87c085bb283f9c53551/KASA_v2_042.pt saved
2026-06-03 02:06:25,507 - easytorch-training - INFO - The estimated training finish time is 2026-06-03 02:18:14
2026-06-03 02:06:25,507 - easytorch-training - INFO - Epoch 43 / 100
2026-06-03 02:06:35,468 - easytorch-training - INFO - Result <train>: [train_time: 9.96 (s), lr: 5.00e-04, train_MAE: 19.6000, train_RMSE: 31.5133, train_MAPE: 0.1545]
2026-06-03 02:06:35,470 - easytorch-training - INFO - Start validation.
2026-06-03 02:06:36,230 - easytorch-training - INFO - Result <val>: [val_time: 0.76 (s), val_MAE: 19.6916, val_RMSE: 30.1442, val_MAPE: 0.1389]
2026-06-03 02:06:36,258 - easytorch-training - INFO - Checkpoint checkpoints/KASA_v2_100_v3_base_mapper_plus_prior_kan_seed4/e8933f7750d7f87c085bb283f9c53551/KASA_v2_best_val_MAE.pt saved
2026-06-03 02:06:37,382 - easytorch-training - INFO - Evaluate best model on test data for horizon 1, Test MAE: 19.4266, Test RMSE: 30.8335, Test MAPE: 0.1388
2026-06-03 02:06:37,385 - easytorch-training - INFO - Evaluate best model on test data for horizon 2, Test MAE: 19.7859, Test RMSE: 31.4186, Test MAPE: 0.1396
2026-06-03 02:06:37,388 - easytorch-training - INFO - Evaluate best model on test data for horizon 3, Test MAE: 19.9925, Test RMSE: 31.6850, Test MAPE: 0.1481
2026-06-03 02:06:37,390 - easytorch-training - INFO - Evaluate best model on test data for horizon 4, Test MAE: 20.0267, Test RMSE: 32.0176, Test MAPE: 0.1421
2026-06-03 02:06:37,392 - easytorch-training - INFO - Evaluate best model on test data for horizon 5, Test MAE: 20.0337, Test RMSE: 32.1496, Test MAPE: 0.1433
2026-06-03 02:06:37,395 - easytorch-training - INFO - Evaluate best model on test data for horizon 6, Test MAE: 20.3288, Test RMSE: 32.5146, Test MAPE: 0.1434
2026-06-03 02:06:37,397 - easytorch-training - INFO - Evaluate best model on test data for horizon 7, Test MAE: 20.2898, Test RMSE: 32.6340, Test MAPE: 0.1459
2026-06-03 02:06:37,400 - easytorch-training - INFO - Evaluate best model on test data for horizon 8, Test MAE: 20.4708, Test RMSE: 32.9254, Test MAPE: 0.1455
2026-06-03 02:06:37,402 - easytorch-training - INFO - Evaluate best model on test data for horizon 9, Test MAE: 20.6083, Test RMSE: 33.1994, Test MAPE: 0.1485
2026-06-03 02:06:37,405 - easytorch-training - INFO - Evaluate best model on test data for horizon 10, Test MAE: 20.8422, Test RMSE: 33.4445, Test MAPE: 0.1469
2026-06-03 02:06:37,407 - easytorch-training - INFO - Evaluate best model on test data for horizon 11, Test MAE: 20.9078, Test RMSE: 33.6258, Test MAPE: 0.1511
2026-06-03 02:06:37,409 - easytorch-training - INFO - Evaluate best model on test data for horizon 12, Test MAE: 21.2008, Test RMSE: 34.0048, Test MAPE: 0.1504
2026-06-03 02:06:37,503 - easytorch-training - INFO - Result <test>: [test_time: 1.24 (s), test_MAE: 20.3262, test_RMSE: 32.5507, test_MAPE: 0.1453]
2026-06-03 02:06:37,527 - easytorch-training - INFO - Checkpoint checkpoints/KASA_v2_100_v3_base_mapper_plus_prior_kan_seed4/e8933f7750d7f87c085bb283f9c53551/KASA_v2_043.pt saved
2026-06-03 02:06:37,527 - easytorch-training - INFO - The estimated training finish time is 2026-06-03 02:18:14
2026-06-03 02:06:37,528 - easytorch-training - INFO - Epoch 44 / 100
2026-06-03 02:06:48,340 - easytorch-training - INFO - Result <train>: [train_time: 10.81 (s), lr: 5.00e-04, train_MAE: 19.5656, train_RMSE: 31.4506, train_MAPE: 0.1544]
2026-06-03 02:06:48,341 - easytorch-training - INFO - Start validation.
2026-06-03 02:06:49,112 - easytorch-training - INFO - Result <val>: [val_time: 0.77 (s), val_MAE: 19.8855, val_RMSE: 30.2083, val_MAPE: 0.1401]
2026-06-03 02:06:50,275 - easytorch-training - INFO - Evaluate best model on test data for horizon 1, Test MAE: 19.8705, Test RMSE: 31.1107, Test MAPE: 0.1411
2026-06-03 02:06:50,278 - easytorch-training - INFO - Evaluate best model on test data for horizon 2, Test MAE: 20.0920, Test RMSE: 31.5954, Test MAPE: 0.1424
2026-06-03 02:06:50,281 - easytorch-training - INFO - Evaluate best model on test data for horizon 3, Test MAE: 20.2900, Test RMSE: 31.8842, Test MAPE: 0.1448
2026-06-03 02:06:50,283 - easytorch-training - INFO - Evaluate best model on test data for horizon 4, Test MAE: 20.4176, Test RMSE: 32.2229, Test MAPE: 0.1445
2026-06-03 02:06:50,285 - easytorch-training - INFO - Evaluate best model on test data for horizon 5, Test MAE: 20.2482, Test RMSE: 32.2675, Test MAPE: 0.1449
2026-06-03 02:06:50,288 - easytorch-training - INFO - Evaluate best model on test data for horizon 6, Test MAE: 20.3169, Test RMSE: 32.4674, Test MAPE: 0.1459
2026-06-03 02:06:50,290 - easytorch-training - INFO - Evaluate best model on test data for horizon 7, Test MAE: 20.4874, Test RMSE: 32.7493, Test MAPE: 0.1461
2026-06-03 02:06:50,293 - easytorch-training - INFO - Evaluate best model on test data for horizon 8, Test MAE: 20.5944, Test RMSE: 32.9930, Test MAPE: 0.1471
2026-06-03 02:06:50,295 - easytorch-training - INFO - Evaluate best model on test data for horizon 9, Test MAE: 20.8685, Test RMSE: 33.3233, Test MAPE: 0.1479
2026-06-03 02:06:50,298 - easytorch-training - INFO - Evaluate best model on test data for horizon 10, Test MAE: 20.9564, Test RMSE: 33.5092, Test MAPE: 0.1486
2026-06-03 02:06:50,300 - easytorch-training - INFO - Evaluate best model on test data for horizon 11, Test MAE: 21.3076, Test RMSE: 33.8926, Test MAPE: 0.1502
2026-06-03 02:06:50,302 - easytorch-training - INFO - Evaluate best model on test data for horizon 12, Test MAE: 21.6290, Test RMSE: 34.2978, Test MAPE: 0.1519
2026-06-03 02:06:50,396 - easytorch-training - INFO - Result <test>: [test_time: 1.28 (s), test_MAE: 20.5899, test_RMSE: 32.7055, test_MAPE: 0.1463]
2026-06-03 02:06:50,420 - easytorch-training - INFO - Checkpoint checkpoints/KASA_v2_100_v3_base_mapper_plus_prior_kan_seed4/e8933f7750d7f87c085bb283f9c53551/KASA_v2_044.pt saved
2026-06-03 02:06:50,420 - easytorch-training - INFO - The estimated training finish time is 2026-06-03 02:18:15
2026-06-03 02:06:50,420 - easytorch-training - INFO - Epoch 45 / 100
2026-06-03 02:07:00,217 - easytorch-training - INFO - Result <train>: [train_time: 9.80 (s), lr: 5.00e-04, train_MAE: 19.5341, train_RMSE: 31.4029, train_MAPE: 0.1543]
2026-06-03 02:07:00,218 - easytorch-training - INFO - Start validation.
2026-06-03 02:07:00,983 - easytorch-training - INFO - Result <val>: [val_time: 0.76 (s), val_MAE: 19.8779, val_RMSE: 30.2981, val_MAPE: 0.1405]
2026-06-03 02:07:02,190 - easytorch-training - INFO - Evaluate best model on test data for horizon 1, Test MAE: 19.7903, Test RMSE: 31.0108, Test MAPE: 0.1481
2026-06-03 02:07:02,193 - easytorch-training - INFO - Evaluate best model on test data for horizon 2, Test MAE: 19.8194, Test RMSE: 31.3664, Test MAPE: 0.1467
2026-06-03 02:07:02,195 - easytorch-training - INFO - Evaluate best model on test data for horizon 3, Test MAE: 20.1176, Test RMSE: 31.7772, Test MAPE: 0.1431
2026-06-03 02:07:02,198 - easytorch-training - INFO - Evaluate best model on test data for horizon 4, Test MAE: 20.0354, Test RMSE: 31.9941, Test MAPE: 0.1451
2026-06-03 02:07:02,200 - easytorch-training - INFO - Evaluate best model on test data for horizon 5, Test MAE: 20.2340, Test RMSE: 32.3516, Test MAPE: 0.1465
2026-06-03 02:07:02,203 - easytorch-training - INFO - Evaluate best model on test data for horizon 6, Test MAE: 20.3219, Test RMSE: 32.5568, Test MAPE: 0.1462
2026-06-03 02:07:02,205 - easytorch-training - INFO - Evaluate best model on test data for horizon 7, Test MAE: 20.5105, Test RMSE: 32.8542, Test MAPE: 0.1481
2026-06-03 02:07:02,207 - easytorch-training - INFO - Evaluate best model on test data for horizon 8, Test MAE: 20.6490, Test RMSE: 33.0993, Test MAPE: 0.1470
2026-06-03 02:07:02,210 - easytorch-training - INFO - Evaluate best model on test data for horizon 9, Test MAE: 20.7884, Test RMSE: 33.3498, Test MAPE: 0.1475
2026-06-03 02:07:02,212 - easytorch-training - INFO - Evaluate best model on test data for horizon 10, Test MAE: 20.9681, Test RMSE: 33.6066, Test MAPE: 0.1484
2026-06-03 02:07:02,215 - easytorch-training - INFO - Evaluate best model on test data for horizon 11, Test MAE: 21.2193, Test RMSE: 33.9353, Test MAPE: 0.1494
2026-06-03 02:07:02,217 - easytorch-training - INFO - Evaluate best model on test data for horizon 12, Test MAE: 21.4808, Test RMSE: 34.2785, Test MAPE: 0.1508
2026-06-03 02:07:02,314 - easytorch-training - INFO - Result <test>: [test_time: 1.33 (s), test_MAE: 20.4946, test_RMSE: 32.6965, test_MAPE: 0.1472]
2026-06-03 02:07:02,339 - easytorch-training - INFO - Checkpoint checkpoints/KASA_v2_100_v3_base_mapper_plus_prior_kan_seed4/e8933f7750d7f87c085bb283f9c53551/KASA_v2_045.pt saved
2026-06-03 02:07:02,339 - easytorch-training - INFO - The estimated training finish time is 2026-06-03 02:18:15
2026-06-03 02:07:02,339 - easytorch-training - INFO - Epoch 46 / 100
2026-06-03 02:07:12,496 - easytorch-training - INFO - Result <train>: [train_time: 10.16 (s), lr: 5.00e-04, train_MAE: 19.4963, train_RMSE: 31.3643, train_MAPE: 0.1536]
2026-06-03 02:07:12,497 - easytorch-training - INFO - Start validation.
2026-06-03 02:07:13,302 - easytorch-training - INFO - Result <val>: [val_time: 0.80 (s), val_MAE: 19.8208, val_RMSE: 30.1775, val_MAPE: 0.1385]
2026-06-03 02:07:14,515 - easytorch-training - INFO - Evaluate best model on test data for horizon 1, Test MAE: 19.5125, Test RMSE: 30.8457, Test MAPE: 0.1383
2026-06-03 02:07:14,518 - easytorch-training - INFO - Evaluate best model on test data for horizon 2, Test MAE: 19.6262, Test RMSE: 31.2138, Test MAPE: 0.1396
2026-06-03 02:07:14,520 - easytorch-training - INFO - Evaluate best model on test data for horizon 3, Test MAE: 19.8020, Test RMSE: 31.4780, Test MAPE: 0.1447
2026-06-03 02:07:14,523 - easytorch-training - INFO - Evaluate best model on test data for horizon 4, Test MAE: 19.9111, Test RMSE: 31.8386, Test MAPE: 0.1422
2026-06-03 02:07:14,525 - easytorch-training - INFO - Evaluate best model on test data for horizon 5, Test MAE: 20.0465, Test RMSE: 32.1244, Test MAPE: 0.1437
2026-06-03 02:07:14,528 - easytorch-training - INFO - Evaluate best model on test data for horizon 6, Test MAE: 20.3785, Test RMSE: 32.5218, Test MAPE: 0.1443
2026-06-03 02:07:14,530 - easytorch-training - INFO - Evaluate best model on test data for horizon 7, Test MAE: 20.3781, Test RMSE: 32.6995, Test MAPE: 0.1457
2026-06-03 02:07:14,533 - easytorch-training - INFO - Evaluate best model on test data for horizon 8, Test MAE: 20.5915, Test RMSE: 32.9528, Test MAPE: 0.1458
2026-06-03 02:07:14,535 - easytorch-training - INFO - Evaluate best model on test data for horizon 9, Test MAE: 20.7573, Test RMSE: 33.2403, Test MAPE: 0.1464
2026-06-03 02:07:14,538 - easytorch-training - INFO - Evaluate best model on test data for horizon 10, Test MAE: 21.1225, Test RMSE: 33.5819, Test MAPE: 0.1484
2026-06-03 02:07:14,540 - easytorch-training - INFO - Evaluate best model on test data for horizon 11, Test MAE: 21.3493, Test RMSE: 33.9150, Test MAPE: 0.1500
2026-06-03 02:07:14,542 - easytorch-training - INFO - Evaluate best model on test data for horizon 12, Test MAE: 21.4864, Test RMSE: 34.1874, Test MAPE: 0.1503
2026-06-03 02:07:14,639 - easytorch-training - INFO - Result <test>: [test_time: 1.34 (s), test_MAE: 20.4135, test_RMSE: 32.5663, test_MAPE: 0.1449]
2026-06-03 02:07:14,663 - easytorch-training - INFO - Checkpoint checkpoints/KASA_v2_100_v3_base_mapper_plus_prior_kan_seed4/e8933f7750d7f87c085bb283f9c53551/KASA_v2_046.pt saved
2026-06-03 02:07:14,663 - easytorch-training - INFO - The estimated training finish time is 2026-06-03 02:18:15
2026-06-03 02:07:14,663 - easytorch-training - INFO - Epoch 47 / 100
2026-06-03 02:07:24,894 - easytorch-training - INFO - Result <train>: [train_time: 10.23 (s), lr: 5.00e-04, train_MAE: 19.4554, train_RMSE: 31.3122, train_MAPE: 0.1534]
2026-06-03 02:07:24,896 - easytorch-training - INFO - Start validation.
2026-06-03 02:07:25,679 - easytorch-training - INFO - Result <val>: [val_time: 0.78 (s), val_MAE: 19.9070, val_RMSE: 30.2524, val_MAPE: 0.1385]
2026-06-03 02:07:26,802 - easytorch-training - INFO - Evaluate best model on test data for horizon 1, Test MAE: 19.7532, Test RMSE: 31.0215, Test MAPE: 0.1393
2026-06-03 02:07:26,805 - easytorch-training - INFO - Evaluate best model on test data for horizon 2, Test MAE: 19.7726, Test RMSE: 31.3478, Test MAPE: 0.1393
2026-06-03 02:07:26,807 - easytorch-training - INFO - Evaluate best model on test data for horizon 3, Test MAE: 20.1018, Test RMSE: 31.7551, Test MAPE: 0.1418
2026-06-03 02:07:26,810 - easytorch-training - INFO - Evaluate best model on test data for horizon 4, Test MAE: 19.8934, Test RMSE: 31.8231, Test MAPE: 0.1404
2026-06-03 02:07:26,812 - easytorch-training - INFO - Evaluate best model on test data for horizon 5, Test MAE: 20.1156, Test RMSE: 32.1608, Test MAPE: 0.1412
2026-06-03 02:07:26,814 - easytorch-training - INFO - Evaluate best model on test data for horizon 6, Test MAE: 20.1670, Test RMSE: 32.3467, Test MAPE: 0.1421
2026-06-03 02:07:26,817 - easytorch-training - INFO - Evaluate best model on test data for horizon 7, Test MAE: 20.5232, Test RMSE: 32.7532, Test MAPE: 0.1437
2026-06-03 02:07:26,819 - easytorch-training - INFO - Evaluate best model on test data for horizon 8, Test MAE: 20.4293, Test RMSE: 32.8430, Test MAPE: 0.1437
2026-06-03 02:07:26,822 - easytorch-training - INFO - Evaluate best model on test data for horizon 9, Test MAE: 20.8783, Test RMSE: 33.2640, Test MAPE: 0.1466
2026-06-03 02:07:26,824 - easytorch-training - INFO - Evaluate best model on test data for horizon 10, Test MAE: 21.3247, Test RMSE: 33.6600, Test MAPE: 0.1502
2026-06-03 02:07:26,826 - easytorch-training - INFO - Evaluate best model on test data for horizon 11, Test MAE: 21.3442, Test RMSE: 33.8361, Test MAPE: 0.1498
2026-06-03 02:07:26,829 - easytorch-training - INFO - Evaluate best model on test data for horizon 12, Test MAE: 21.6241, Test RMSE: 34.2185, Test MAPE: 0.1512
2026-06-03 02:07:26,926 - easytorch-training - INFO - Result <test>: [test_time: 1.24 (s), test_MAE: 20.4940, test_RMSE: 32.6004, test_MAPE: 0.1441]
2026-06-03 02:07:26,950 - easytorch-training - INFO - Checkpoint checkpoints/KASA_v2_100_v3_base_mapper_plus_prior_kan_seed4/e8933f7750d7f87c085bb283f9c53551/KASA_v2_047.pt saved
2026-06-03 02:07:26,950 - easytorch-training - INFO - The estimated training finish time is 2026-06-03 02:18:15
2026-06-03 02:07:26,950 - easytorch-training - INFO - Epoch 48 / 100
2026-06-03 02:07:37,185 - easytorch-training - INFO - Result <train>: [train_time: 10.23 (s), lr: 5.00e-04, train_MAE: 19.4333, train_RMSE: 31.2657, train_MAPE: 0.1529]
2026-06-03 02:07:37,187 - easytorch-training - INFO - Start validation.
2026-06-03 02:07:37,953 - easytorch-training - INFO - Result <val>: [val_time: 0.77 (s), val_MAE: 19.8459, val_RMSE: 30.2059, val_MAPE: 0.1380]
2026-06-03 02:07:39,101 - easytorch-training - INFO - Evaluate best model on test data for horizon 1, Test MAE: 19.2770, Test RMSE: 30.5638, Test MAPE: 0.1409
2026-06-03 02:07:39,104 - easytorch-training - INFO - Evaluate best model on test data for horizon 2, Test MAE: 19.4034, Test RMSE: 30.9318, Test MAPE: 0.1438
2026-06-03 02:07:39,106 - easytorch-training - INFO - Evaluate best model on test data for horizon 3, Test MAE: 19.9466, Test RMSE: 31.5716, Test MAPE: 0.1408
2026-06-03 02:07:39,109 - easytorch-training - INFO - Evaluate best model on test data for horizon 4, Test MAE: 19.6751, Test RMSE: 31.6006, Test MAPE: 0.1415
2026-06-03 02:07:39,111 - easytorch-training - INFO - Evaluate best model on test data for horizon 5, Test MAE: 20.0915, Test RMSE: 32.0739, Test MAPE: 0.1413
2026-06-03 02:07:39,114 - easytorch-training - INFO - Evaluate best model on test data for horizon 6, Test MAE: 20.1320, Test RMSE: 32.2610, Test MAPE: 0.1417
2026-06-03 02:07:39,116 - easytorch-training - INFO - Evaluate best model on test data for horizon 7, Test MAE: 20.3874, Test RMSE: 32.5934, Test MAPE: 0.1432
2026-06-03 02:07:39,119 - easytorch-training - INFO - Evaluate best model on test data for horizon 8, Test MAE: 20.6590, Test RMSE: 32.9280, Test MAPE: 0.1447
2026-06-03 02:07:39,121 - easytorch-training - INFO - Evaluate best model on test data for horizon 9, Test MAE: 20.7366, Test RMSE: 33.1284, Test MAPE: 0.1453
2026-06-03 02:07:39,123 - easytorch-training - INFO - Evaluate best model on test data for horizon 10, Test MAE: 20.8025, Test RMSE: 33.2948, Test MAPE: 0.1458
2026-06-03 02:07:39,126 - easytorch-training - INFO - Evaluate best model on test data for horizon 11, Test MAE: 21.1212, Test RMSE: 33.6318, Test MAPE: 0.1480
2026-06-03 02:07:39,128 - easytorch-training - INFO - Evaluate best model on test data for horizon 12, Test MAE: 21.5977, Test RMSE: 34.1312, Test MAPE: 0.1504
2026-06-03 02:07:39,225 - easytorch-training - INFO - Result <test>: [test_time: 1.27 (s), test_MAE: 20.3192, test_RMSE: 32.4094, test_MAPE: 0.1439]
2026-06-03 02:07:39,249 - easytorch-training - INFO - Checkpoint checkpoints/KASA_v2_100_v3_base_mapper_plus_prior_kan_seed4/e8933f7750d7f87c085bb283f9c53551/KASA_v2_048.pt saved
2026-06-03 02:07:39,249 - easytorch-training - INFO - The estimated training finish time is 2026-06-03 02:18:15
2026-06-03 02:07:39,249 - easytorch-training - INFO - Epoch 49 / 100
2026-06-03 02:07:49,383 - easytorch-training - INFO - Result <train>: [train_time: 10.13 (s), lr: 5.00e-04, train_MAE: 19.4256, train_RMSE: 31.2541, train_MAPE: 0.1530]
2026-06-03 02:07:49,385 - easytorch-training - INFO - Start validation.
2026-06-03 02:07:50,149 - easytorch-training - INFO - Result <val>: [val_time: 0.76 (s), val_MAE: 19.5995, val_RMSE: 30.0397, val_MAPE: 0.1407]
2026-06-03 02:07:50,196 - easytorch-training - INFO - Checkpoint checkpoints/KASA_v2_100_v3_base_mapper_plus_prior_kan_seed4/e8933f7750d7f87c085bb283f9c53551/KASA_v2_best_val_MAE.pt saved
2026-06-03 02:07:51,402 - easytorch-training - INFO - Evaluate best model on test data for horizon 1, Test MAE: 19.3539, Test RMSE: 30.6715, Test MAPE: 0.1414
2026-06-03 02:07:51,405 - easytorch-training - INFO - Evaluate best model on test data for horizon 2, Test MAE: 19.4138, Test RMSE: 31.0367, Test MAPE: 0.1408
2026-06-03 02:07:51,407 - easytorch-training - INFO - Evaluate best model on test data for horizon 3, Test MAE: 19.7962, Test RMSE: 31.4844, Test MAPE: 0.1424
2026-06-03 02:07:51,410 - easytorch-training - INFO - Evaluate best model on test data for horizon 4, Test MAE: 19.8029, Test RMSE: 31.7768, Test MAPE: 0.1441
2026-06-03 02:07:51,412 - easytorch-training - INFO - Evaluate best model on test data for horizon 5, Test MAE: 19.9733, Test RMSE: 32.1129, Test MAPE: 0.1451
2026-06-03 02:07:51,415 - easytorch-training - INFO - Evaluate best model on test data for horizon 6, Test MAE: 20.1297, Test RMSE: 32.4153, Test MAPE: 0.1460
2026-06-03 02:07:51,417 - easytorch-training - INFO - Evaluate best model on test data for horizon 7, Test MAE: 20.2269, Test RMSE: 32.5875, Test MAPE: 0.1461
2026-06-03 02:07:51,420 - easytorch-training - INFO - Evaluate best model on test data for horizon 8, Test MAE: 20.3572, Test RMSE: 32.8338, Test MAPE: 0.1449
2026-06-03 02:07:51,422 - easytorch-training - INFO - Evaluate best model on test data for horizon 9, Test MAE: 20.6111, Test RMSE: 33.1750, Test MAPE: 0.1505
2026-06-03 02:07:51,424 - easytorch-training - INFO - Evaluate best model on test data for horizon 10, Test MAE: 20.6775, Test RMSE: 33.3693, Test MAPE: 0.1482
2026-06-03 02:07:51,427 - easytorch-training - INFO - Evaluate best model on test data for horizon 11, Test MAE: 21.0306, Test RMSE: 33.7957, Test MAPE: 0.1554
2026-06-03 02:07:51,429 - easytorch-training - INFO - Evaluate best model on test data for horizon 12, Test MAE: 21.2788, Test RMSE: 34.1394, Test MAPE: 0.1557
2026-06-03 02:07:51,527 - easytorch-training - INFO - Result <test>: [test_time: 1.33 (s), test_MAE: 20.2210, test_RMSE: 32.4664, test_MAPE: 0.1467]
2026-06-03 02:07:51,551 - easytorch-training - INFO - Checkpoint checkpoints/KASA_v2_100_v3_base_mapper_plus_prior_kan_seed4/e8933f7750d7f87c085bb283f9c53551/KASA_v2_049.pt saved
2026-06-03 02:07:51,551 - easytorch-training - INFO - The estimated training finish time is 2026-06-03 02:18:15
2026-06-03 02:07:51,551 - easytorch-training - INFO - Epoch 50 / 100
2026-06-03 02:08:01,578 - easytorch-training - INFO - Result <train>: [train_time: 10.03 (s), lr: 5.00e-04, train_MAE: 19.3698, train_RMSE: 31.1921, train_MAPE: 0.1524]
2026-06-03 02:08:01,580 - easytorch-training - INFO - Start validation.
2026-06-03 02:08:02,358 - easytorch-training - INFO - Result <val>: [val_time: 0.78 (s), val_MAE: 19.5140, val_RMSE: 29.9071, val_MAPE: 0.1404]
2026-06-03 02:08:02,401 - easytorch-training - INFO - Checkpoint checkpoints/KASA_v2_100_v3_base_mapper_plus_prior_kan_seed4/e8933f7750d7f87c085bb283f9c53551/KASA_v2_best_val_MAE.pt saved
2026-06-03 02:08:03,527 - easytorch-training - INFO - Evaluate best model on test data for horizon 1, Test MAE: 19.1567, Test RMSE: 30.4852, Test MAPE: 0.1391
2026-06-03 02:08:03,530 - easytorch-training - INFO - Evaluate best model on test data for horizon 2, Test MAE: 19.3333, Test RMSE: 30.9462, Test MAPE: 0.1395
2026-06-03 02:08:03,532 - easytorch-training - INFO - Evaluate best model on test data for horizon 3, Test MAE: 19.6990, Test RMSE: 31.3345, Test MAPE: 0.1462
2026-06-03 02:08:03,534 - easytorch-training - INFO - Evaluate best model on test data for horizon 4, Test MAE: 19.6538, Test RMSE: 31.6294, Test MAPE: 0.1415
2026-06-03 02:08:03,537 - easytorch-training - INFO - Evaluate best model on test data for horizon 5, Test MAE: 19.8548, Test RMSE: 31.9228, Test MAPE: 0.1465
2026-06-03 02:08:03,539 - easytorch-training - INFO - Evaluate best model on test data for horizon 6, Test MAE: 20.0040, Test RMSE: 32.2276, Test MAPE: 0.1464
2026-06-03 02:08:03,542 - easytorch-training - INFO - Evaluate best model on test data for horizon 7, Test MAE: 20.1237, Test RMSE: 32.4502, Test MAPE: 0.1468
2026-06-03 02:08:03,544 - easytorch-training - INFO - Evaluate best model on test data for horizon 8, Test MAE: 20.3688, Test RMSE: 32.8059, Test MAPE: 0.1517
2026-06-03 02:08:03,547 - easytorch-training - INFO - Evaluate best model on test data for horizon 9, Test MAE: 20.5341, Test RMSE: 33.0184, Test MAPE: 0.1532
2026-06-03 02:08:03,549 - easytorch-training - INFO - Evaluate best model on test data for horizon 10, Test MAE: 20.6311, Test RMSE: 33.2770, Test MAPE: 0.1493
2026-06-03 02:08:03,551 - easytorch-training - INFO - Evaluate best model on test data for horizon 11, Test MAE: 20.8806, Test RMSE: 33.5675, Test MAPE: 0.1539
2026-06-03 02:08:03,554 - easytorch-training - INFO - Evaluate best model on test data for horizon 12, Test MAE: 21.1158, Test RMSE: 33.9305, Test MAPE: 0.1552
2026-06-03 02:08:03,650 - easytorch-training - INFO - Result <test>: [test_time: 1.25 (s), test_MAE: 20.1130, test_RMSE: 32.3160, test_MAPE: 0.1474]
2026-06-03 02:08:03,674 - easytorch-training - INFO - Checkpoint checkpoints/KASA_v2_100_v3_base_mapper_plus_prior_kan_seed4/e8933f7750d7f87c085bb283f9c53551/KASA_v2_050.pt saved
2026-06-03 02:08:03,688 - easytorch-training - INFO - The estimated training finish time is 2026-06-03 02:18:15
2026-06-03 02:08:03,688 - easytorch-training - INFO - Epoch 51 / 100
2026-06-03 02:08:13,865 - easytorch-training - INFO - Result <train>: [train_time: 10.18 (s), lr: 5.00e-04, train_MAE: 19.3642, train_RMSE: 31.1664, train_MAPE: 0.1525]
2026-06-03 02:08:13,867 - easytorch-training - INFO - Start validation.
2026-06-03 02:08:14,647 - easytorch-training - INFO - Result <val>: [val_time: 0.78 (s), val_MAE: 19.8807, val_RMSE: 30.3425, val_MAPE: 0.1478]
2026-06-03 02:08:15,772 - easytorch-training - INFO - Evaluate best model on test data for horizon 1, Test MAE: 19.3070, Test RMSE: 30.6627, Test MAPE: 0.1412
2026-06-03 02:08:15,774 - easytorch-training - INFO - Evaluate best model on test data for horizon 2, Test MAE: 19.5951, Test RMSE: 31.2668, Test MAPE: 0.1450
2026-06-03 02:08:15,777 - easytorch-training - INFO - Evaluate best model on test data for horizon 3, Test MAE: 19.7609, Test RMSE: 31.4472, Test MAPE: 0.1501
2026-06-03 02:08:15,779 - easytorch-training - INFO - Evaluate best model on test data for horizon 4, Test MAE: 20.1910, Test RMSE: 32.1431, Test MAPE: 0.1547
2026-06-03 02:08:15,782 - easytorch-training - INFO - Evaluate best model on test data for horizon 5, Test MAE: 20.3024, Test RMSE: 32.4281, Test MAPE: 0.1560
2026-06-03 02:08:15,784 - easytorch-training - INFO - Evaluate best model on test data for horizon 6, Test MAE: 20.1519, Test RMSE: 32.4634, Test MAPE: 0.1485
2026-06-03 02:08:15,787 - easytorch-training - INFO - Evaluate best model on test data for horizon 7, Test MAE: 20.4501, Test RMSE: 32.8355, Test MAPE: 0.1546
2026-06-03 02:08:15,789 - easytorch-training - INFO - Evaluate best model on test data for horizon 8, Test MAE: 20.4991, Test RMSE: 32.9845, Test MAPE: 0.1534
2026-06-03 02:08:15,791 - easytorch-training - INFO - Evaluate best model on test data for horizon 9, Test MAE: 20.5337, Test RMSE: 33.1902, Test MAPE: 0.1493
2026-06-03 02:08:15,794 - easytorch-training - INFO - Evaluate best model on test data for horizon 10, Test MAE: 20.9842, Test RMSE: 33.7073, Test MAPE: 0.1577
2026-06-03 02:08:15,796 - easytorch-training - INFO - Evaluate best model on test data for horizon 11, Test MAE: 21.2006, Test RMSE: 33.9612, Test MAPE: 0.1608
2026-06-03 02:08:15,799 - easytorch-training - INFO - Evaluate best model on test data for horizon 12, Test MAE: 21.7336, Test RMSE: 34.6021, Test MAPE: 0.1671
2026-06-03 02:08:15,890 - easytorch-training - INFO - Result <test>: [test_time: 1.24 (s), test_MAE: 20.3925, test_RMSE: 32.6598, test_MAPE: 0.1532]
2026-06-03 02:08:15,914 - easytorch-training - INFO - Checkpoint checkpoints/KASA_v2_100_v3_base_mapper_plus_prior_kan_seed4/e8933f7750d7f87c085bb283f9c53551/KASA_v2_051.pt saved
2026-06-03 02:08:15,914 - easytorch-training - INFO - The estimated training finish time is 2026-06-03 02:18:15
2026-06-03 02:08:15,914 - easytorch-training - INFO - Epoch 52 / 100
2026-06-03 02:08:25,742 - easytorch-training - INFO - Result <train>: [train_time: 9.83 (s), lr: 5.00e-04, train_MAE: 19.3437, train_RMSE: 31.1240, train_MAPE: 0.1525]
2026-06-03 02:08:25,744 - easytorch-training - INFO - Start validation.
2026-06-03 02:08:26,527 - easytorch-training - INFO - Result <val>: [val_time: 0.78 (s), val_MAE: 19.7115, val_RMSE: 30.0897, val_MAPE: 0.1368]
2026-06-03 02:08:27,652 - easytorch-training - INFO - Evaluate best model on test data for horizon 1, Test MAE: 19.4614, Test RMSE: 30.7774, Test MAPE: 0.1369
2026-06-03 02:08:27,655 - easytorch-training - INFO - Evaluate best model on test data for horizon 2, Test MAE: 19.8156, Test RMSE: 31.3276, Test MAPE: 0.1391
2026-06-03 02:08:27,657 - easytorch-training - INFO - Evaluate best model on test data for horizon 3, Test MAE: 19.7998, Test RMSE: 31.4916, Test MAPE: 0.1430
2026-06-03 02:08:27,660 - easytorch-training - INFO - Evaluate best model on test data for horizon 4, Test MAE: 19.9497, Test RMSE: 31.8495, Test MAPE: 0.1404
2026-06-03 02:08:27,662 - easytorch-training - INFO - Evaluate best model on test data for horizon 5, Test MAE: 20.1128, Test RMSE: 32.1684, Test MAPE: 0.1410
2026-06-03 02:08:27,665 - easytorch-training - INFO - Evaluate best model on test data for horizon 6, Test MAE: 20.2929, Test RMSE: 32.4470, Test MAPE: 0.1423
2026-06-03 02:08:27,667 - easytorch-training - INFO - Evaluate best model on test data for horizon 7, Test MAE: 20.3426, Test RMSE: 32.6420, Test MAPE: 0.1431
2026-06-03 02:08:27,669 - easytorch-training - INFO - Evaluate best model on test data for horizon 8, Test MAE: 20.4695, Test RMSE: 32.8783, Test MAPE: 0.1442
2026-06-03 02:08:27,672 - easytorch-training - INFO - Evaluate best model on test data for horizon 9, Test MAE: 20.7549, Test RMSE: 33.2338, Test MAPE: 0.1457
2026-06-03 02:08:27,674 - easytorch-training - INFO - Evaluate best model on test data for horizon 10, Test MAE: 20.9342, Test RMSE: 33.4875, Test MAPE: 0.1468
2026-06-03 02:08:27,677 - easytorch-training - INFO - Evaluate best model on test data for horizon 11, Test MAE: 21.1191, Test RMSE: 33.7495, Test MAPE: 0.1481
2026-06-03 02:08:27,679 - easytorch-training - INFO - Evaluate best model on test data for horizon 12, Test MAE: 21.4738, Test RMSE: 34.1580, Test MAPE: 0.1495
2026-06-03 02:08:27,772 - easytorch-training - INFO - Result <test>: [test_time: 1.24 (s), test_MAE: 20.3772, test_RMSE: 32.5328, test_MAPE: 0.1433]
2026-06-03 02:08:27,796 - easytorch-training - INFO - Checkpoint checkpoints/KASA_v2_100_v3_base_mapper_plus_prior_kan_seed4/e8933f7750d7f87c085bb283f9c53551/KASA_v2_052.pt saved
2026-06-03 02:08:27,796 - easytorch-training - INFO - The estimated training finish time is 2026-06-03 02:18:14
2026-06-03 02:08:27,796 - easytorch-training - INFO - Epoch 53 / 100
2026-06-03 02:08:38,044 - easytorch-training - INFO - Result <train>: [train_time: 10.25 (s), lr: 5.00e-04, train_MAE: 19.3188, train_RMSE: 31.0834, train_MAPE: 0.1522]
2026-06-03 02:08:38,046 - easytorch-training - INFO - Start validation.
2026-06-03 02:08:38,807 - easytorch-training - INFO - Result <val>: [val_time: 0.76 (s), val_MAE: 19.5447, val_RMSE: 29.9141, val_MAPE: 0.1396]
2026-06-03 02:08:39,945 - easytorch-training - INFO - Evaluate best model on test data for horizon 1, Test MAE: 19.2169, Test RMSE: 30.5684, Test MAPE: 0.1375
2026-06-03 02:08:39,948 - easytorch-training - INFO - Evaluate best model on test data for horizon 2, Test MAE: 19.3741, Test RMSE: 30.9820, Test MAPE: 0.1412
2026-06-03 02:08:39,951 - easytorch-training - INFO - Evaluate best model on test data for horizon 3, Test MAE: 19.7322, Test RMSE: 31.4308, Test MAPE: 0.1430
2026-06-03 02:08:39,953 - easytorch-training - INFO - Evaluate best model on test data for horizon 4, Test MAE: 19.7449, Test RMSE: 31.6898, Test MAPE: 0.1432
2026-06-03 02:08:39,955 - easytorch-training - INFO - Evaluate best model on test data for horizon 5, Test MAE: 19.8795, Test RMSE: 31.9711, Test MAPE: 0.1449
2026-06-03 02:08:39,958 - easytorch-training - INFO - Evaluate best model on test data for horizon 6, Test MAE: 20.0321, Test RMSE: 32.2462, Test MAPE: 0.1453
2026-06-03 02:08:39,960 - easytorch-training - INFO - Evaluate best model on test data for horizon 7, Test MAE: 20.1707, Test RMSE: 32.5165, Test MAPE: 0.1455
2026-06-03 02:08:39,963 - easytorch-training - INFO - Evaluate best model on test data for horizon 8, Test MAE: 20.3629, Test RMSE: 32.7753, Test MAPE: 0.1480
2026-06-03 02:08:39,965 - easytorch-training - INFO - Evaluate best model on test data for horizon 9, Test MAE: 20.5907, Test RMSE: 33.0737, Test MAPE: 0.1504
2026-06-03 02:08:39,968 - easytorch-training - INFO - Evaluate best model on test data for horizon 10, Test MAE: 20.7152, Test RMSE: 33.3118, Test MAPE: 0.1482
2026-06-03 02:08:39,970 - easytorch-training - INFO - Evaluate best model on test data for horizon 11, Test MAE: 20.8941, Test RMSE: 33.5902, Test MAPE: 0.1495
2026-06-03 02:08:39,972 - easytorch-training - INFO - Evaluate best model on test data for horizon 12, Test MAE: 21.1690, Test RMSE: 33.9625, Test MAPE: 0.1495
2026-06-03 02:08:40,065 - easytorch-training - INFO - Result <test>: [test_time: 1.26 (s), test_MAE: 20.1569, test_RMSE: 32.3590, test_MAPE: 0.1455]
2026-06-03 02:08:40,091 - easytorch-training - INFO - Checkpoint checkpoints/KASA_v2_100_v3_base_mapper_plus_prior_kan_seed4/e8933f7750d7f87c085bb283f9c53551/KASA_v2_053.pt saved
2026-06-03 02:08:40,091 - easytorch-training - INFO - The estimated training finish time is 2026-06-03 02:18:15
2026-06-03 02:08:40,091 - easytorch-training - INFO - Epoch 54 / 100
2026-06-03 02:08:49,806 - easytorch-training - INFO - Result <train>: [train_time: 9.71 (s), lr: 5.00e-04, train_MAE: 19.2888, train_RMSE: 31.0540, train_MAPE: 0.1518]
2026-06-03 02:08:49,807 - easytorch-training - INFO - Start validation.
2026-06-03 02:08:50,582 - easytorch-training - INFO - Result <val>: [val_time: 0.77 (s), val_MAE: 19.4945, val_RMSE: 29.8603, val_MAPE: 0.1385]
2026-06-03 02:08:50,628 - easytorch-training - INFO - Checkpoint checkpoints/KASA_v2_100_v3_base_mapper_plus_prior_kan_seed4/e8933f7750d7f87c085bb283f9c53551/KASA_v2_best_val_MAE.pt saved
2026-06-03 02:08:51,759 - easytorch-training - INFO - Evaluate best model on test data for horizon 1, Test MAE: 19.1073, Test RMSE: 30.3865, Test MAPE: 0.1384
2026-06-03 02:08:51,761 - easytorch-training - INFO - Evaluate best model on test data for horizon 2, Test MAE: 19.4827, Test RMSE: 30.9725, Test MAPE: 0.1476
2026-06-03 02:08:51,764 - easytorch-training - INFO - Evaluate best model on test data for horizon 3, Test MAE: 19.7413, Test RMSE: 31.3188, Test MAPE: 0.1481
2026-06-03 02:08:51,766 - easytorch-training - INFO - Evaluate best model on test data for horizon 4, Test MAE: 19.7428, Test RMSE: 31.5913, Test MAPE: 0.1478
2026-06-03 02:08:51,769 - easytorch-training - INFO - Evaluate best model on test data for horizon 5, Test MAE: 19.7629, Test RMSE: 31.8346, Test MAPE: 0.1433
2026-06-03 02:08:51,771 - easytorch-training - INFO - Evaluate best model on test data for horizon 6, Test MAE: 19.8679, Test RMSE: 32.0653, Test MAPE: 0.1430
2026-06-03 02:08:51,774 - easytorch-training - INFO - Evaluate best model on test data for horizon 7, Test MAE: 20.0395, Test RMSE: 32.3288, Test MAPE: 0.1430
2026-06-03 02:08:51,776 - easytorch-training - INFO - Evaluate best model on test data for horizon 8, Test MAE: 20.1837, Test RMSE: 32.5736, Test MAPE: 0.1442
2026-06-03 02:08:51,779 - easytorch-training - INFO - Evaluate best model on test data for horizon 9, Test MAE: 20.3462, Test RMSE: 32.8483, Test MAPE: 0.1444
2026-06-03 02:08:51,781 - easytorch-training - INFO - Evaluate best model on test data for horizon 10, Test MAE: 20.5396, Test RMSE: 33.0850, Test MAPE: 0.1455
2026-06-03 02:08:51,783 - easytorch-training - INFO - Evaluate best model on test data for horizon 11, Test MAE: 20.8045, Test RMSE: 33.4053, Test MAPE: 0.1464
2026-06-03 02:08:51,786 - easytorch-training - INFO - Evaluate best model on test data for horizon 12, Test MAE: 21.0258, Test RMSE: 33.7120, Test MAPE: 0.1478
2026-06-03 02:08:51,880 - easytorch-training - INFO - Result <test>: [test_time: 1.25 (s), test_MAE: 20.0537, test_RMSE: 32.1913, test_MAPE: 0.1450]
2026-06-03 02:08:51,904 - easytorch-training - INFO - Checkpoint checkpoints/KASA_v2_100_v3_base_mapper_plus_prior_kan_seed4/e8933f7750d7f87c085bb283f9c53551/KASA_v2_054.pt saved
2026-06-03 02:08:51,904 - easytorch-training - INFO - The estimated training finish time is 2026-06-03 02:18:14
2026-06-03 02:08:51,904 - easytorch-training - INFO - Epoch 55 / 100
2026-06-03 02:09:02,045 - easytorch-training - INFO - Result <train>: [train_time: 10.14 (s), lr: 5.00e-04, train_MAE: 19.2552, train_RMSE: 30.9961, train_MAPE: 0.1518]
2026-06-03 02:09:02,046 - easytorch-training - INFO - Start validation.
2026-06-03 02:09:02,838 - easytorch-training - INFO - Result <val>: [val_time: 0.79 (s), val_MAE: 19.9770, val_RMSE: 30.1992, val_MAPE: 0.1399]
2026-06-03 02:09:04,023 - easytorch-training - INFO - Evaluate best model on test data for horizon 1, Test MAE: 19.5710, Test RMSE: 30.7323, Test MAPE: 0.1387
2026-06-03 02:09:04,026 - easytorch-training - INFO - Evaluate best model on test data for horizon 2, Test MAE: 19.4563, Test RMSE: 30.9662, Test MAPE: 0.1374
2026-06-03 02:09:04,028 - easytorch-training - INFO - Evaluate best model on test data for horizon 3, Test MAE: 21.2866, Test RMSE: 32.4478, Test MAPE: 0.1616
2026-06-03 02:09:04,030 - easytorch-training - INFO - Evaluate best model on test data for horizon 4, Test MAE: 19.9841, Test RMSE: 31.8008, Test MAPE: 0.1407
2026-06-03 02:09:04,033 - easytorch-training - INFO - Evaluate best model on test data for horizon 5, Test MAE: 20.2694, Test RMSE: 32.1678, Test MAPE: 0.1426
2026-06-03 02:09:04,035 - easytorch-training - INFO - Evaluate best model on test data for horizon 6, Test MAE: 20.3389, Test RMSE: 32.3769, Test MAPE: 0.1431
2026-06-03 02:09:04,038 - easytorch-training - INFO - Evaluate best model on test data for horizon 7, Test MAE: 20.4076, Test RMSE: 32.6031, Test MAPE: 0.1435
2026-06-03 02:09:04,040 - easytorch-training - INFO - Evaluate best model on test data for horizon 8, Test MAE: 20.5907, Test RMSE: 32.8759, Test MAPE: 0.1444
2026-06-03 02:09:04,043 - easytorch-training - INFO - Evaluate best model on test data for horizon 9, Test MAE: 20.9288, Test RMSE: 33.2353, Test MAPE: 0.1463
2026-06-03 02:09:04,045 - easytorch-training - INFO - Evaluate best model on test data for horizon 10, Test MAE: 21.0330, Test RMSE: 33.4385, Test MAPE: 0.1474
2026-06-03 02:09:04,047 - easytorch-training - INFO - Evaluate best model on test data for horizon 11, Test MAE: 21.1394, Test RMSE: 33.6488, Test MAPE: 0.1478
2026-06-03 02:09:04,050 - easytorch-training - INFO - Evaluate best model on test data for horizon 12, Test MAE: 21.5940, Test RMSE: 34.1105, Test MAPE: 0.1512
2026-06-03 02:09:04,146 - easytorch-training - INFO - Result <test>: [test_time: 1.31 (s), test_MAE: 20.5500, test_RMSE: 32.5485, test_MAPE: 0.1454]
2026-06-03 02:09:04,170 - easytorch-training - INFO - Checkpoint checkpoints/KASA_v2_100_v3_base_mapper_plus_prior_kan_seed4/e8933f7750d7f87c085bb283f9c53551/KASA_v2_055.pt saved
2026-06-03 02:09:04,170 - easytorch-training - INFO - The estimated training finish time is 2026-06-03 02:18:14
2026-06-03 02:09:04,170 - easytorch-training - INFO - Epoch 56 / 100
2026-06-03 02:09:14,503 - easytorch-training - INFO - Result <train>: [train_time: 10.33 (s), lr: 5.00e-04, train_MAE: 19.2927, train_RMSE: 31.0266, train_MAPE: 0.1522]
2026-06-03 02:09:14,505 - easytorch-training - INFO - Start validation.
2026-06-03 02:09:15,269 - easytorch-training - INFO - Result <val>: [val_time: 0.76 (s), val_MAE: 19.8355, val_RMSE: 30.1331, val_MAPE: 0.1384]
2026-06-03 02:09:16,395 - easytorch-training - INFO - Evaluate best model on test data for horizon 1, Test MAE: 19.5147, Test RMSE: 30.6797, Test MAPE: 0.1383
2026-06-03 02:09:16,398 - easytorch-training - INFO - Evaluate best model on test data for horizon 2, Test MAE: 19.9740, Test RMSE: 31.3702, Test MAPE: 0.1404
2026-06-03 02:09:16,400 - easytorch-training - INFO - Evaluate best model on test data for horizon 3, Test MAE: 21.5270, Test RMSE: 32.5859, Test MAPE: 0.1646
2026-06-03 02:09:16,403 - easytorch-training - INFO - Evaluate best model on test data for horizon 4, Test MAE: 19.8941, Test RMSE: 31.7375, Test MAPE: 0.1393
2026-06-03 02:09:16,405 - easytorch-training - INFO - Evaluate best model on test data for horizon 5, Test MAE: 20.0738, Test RMSE: 32.0372, Test MAPE: 0.1406
2026-06-03 02:09:16,408 - easytorch-training - INFO - Evaluate best model on test data for horizon 6, Test MAE: 20.1365, Test RMSE: 32.2479, Test MAPE: 0.1412
2026-06-03 02:09:16,410 - easytorch-training - INFO - Evaluate best model on test data for horizon 7, Test MAE: 20.2887, Test RMSE: 32.5410, Test MAPE: 0.1423
2026-06-03 02:09:16,412 - easytorch-training - INFO - Evaluate best model on test data for horizon 8, Test MAE: 20.3553, Test RMSE: 32.7208, Test MAPE: 0.1426
2026-06-03 02:09:16,415 - easytorch-training - INFO - Evaluate best model on test data for horizon 9, Test MAE: 20.4755, Test RMSE: 33.0075, Test MAPE: 0.1437
2026-06-03 02:09:16,417 - easytorch-training - INFO - Evaluate best model on test data for horizon 10, Test MAE: 20.6099, Test RMSE: 33.1823, Test MAPE: 0.1447
2026-06-03 02:09:16,420 - easytorch-training - INFO - Evaluate best model on test data for horizon 11, Test MAE: 20.7439, Test RMSE: 33.4277, Test MAPE: 0.1461
2026-06-03 02:09:16,422 - easytorch-training - INFO - Evaluate best model on test data for horizon 12, Test MAE: 21.0243, Test RMSE: 33.7692, Test MAPE: 0.1478
2026-06-03 02:09:16,514 - easytorch-training - INFO - Result <test>: [test_time: 1.24 (s), test_MAE: 20.3848, test_RMSE: 32.4534, test_MAPE: 0.1443]
2026-06-03 02:09:16,538 - easytorch-training - INFO - Checkpoint checkpoints/KASA_v2_100_v3_base_mapper_plus_prior_kan_seed4/e8933f7750d7f87c085bb283f9c53551/KASA_v2_056.pt saved
2026-06-03 02:09:16,538 - easytorch-training - INFO - The estimated training finish time is 2026-06-03 02:18:14
2026-06-03 02:09:16,538 - easytorch-training - INFO - Epoch 57 / 100
2026-06-03 02:09:26,649 - easytorch-training - INFO - Result <train>: [train_time: 10.11 (s), lr: 5.00e-04, train_MAE: 19.2463, train_RMSE: 30.9705, train_MAPE: 0.1516]
2026-06-03 02:09:26,651 - easytorch-training - INFO - Start validation.
2026-06-03 02:09:27,415 - easytorch-training - INFO - Result <val>: [val_time: 0.76 (s), val_MAE: 19.4751, val_RMSE: 29.8795, val_MAPE: 0.1377]
2026-06-03 02:09:27,458 - easytorch-training - INFO - Checkpoint checkpoints/KASA_v2_100_v3_base_mapper_plus_prior_kan_seed4/e8933f7750d7f87c085bb283f9c53551/KASA_v2_best_val_MAE.pt saved
2026-06-03 02:09:28,570 - easytorch-training - INFO - Evaluate best model on test data for horizon 1, Test MAE: 19.1130, Test RMSE: 30.4617, Test MAPE: 0.1378
2026-06-03 02:09:28,573 - easytorch-training - INFO - Evaluate best model on test data for horizon 2, Test MAE: 19.2905, Test RMSE: 30.9152, Test MAPE: 0.1389
2026-06-03 02:09:28,576 - easytorch-training - INFO - Evaluate best model on test data for horizon 3, Test MAE: 20.0564, Test RMSE: 31.5503, Test MAPE: 0.1607
2026-06-03 02:09:28,578 - easytorch-training - INFO - Evaluate best model on test data for horizon 4, Test MAE: 19.5938, Test RMSE: 31.5757, Test MAPE: 0.1403
2026-06-03 02:09:28,581 - easytorch-training - INFO - Evaluate best model on test data for horizon 5, Test MAE: 19.8079, Test RMSE: 31.8784, Test MAPE: 0.1404
2026-06-03 02:09:28,584 - easytorch-training - INFO - Evaluate best model on test data for horizon 6, Test MAE: 19.9057, Test RMSE: 32.1464, Test MAPE: 0.1415
2026-06-03 02:09:28,586 - easytorch-training - INFO - Evaluate best model on test data for horizon 7, Test MAE: 20.0457, Test RMSE: 32.4213, Test MAPE: 0.1424
2026-06-03 02:09:28,589 - easytorch-training - INFO - Evaluate best model on test data for horizon 8, Test MAE: 20.2784, Test RMSE: 32.7328, Test MAPE: 0.1433
2026-06-03 02:09:28,592 - easytorch-training - INFO - Evaluate best model on test data for horizon 9, Test MAE: 20.3940, Test RMSE: 33.0007, Test MAPE: 0.1447
2026-06-03 02:09:28,594 - easytorch-training - INFO - Evaluate best model on test data for horizon 10, Test MAE: 20.6279, Test RMSE: 33.2753, Test MAPE: 0.1450
2026-06-03 02:09:28,597 - easytorch-training - INFO - Evaluate best model on test data for horizon 11, Test MAE: 20.8038, Test RMSE: 33.5662, Test MAPE: 0.1463
2026-06-03 02:09:28,600 - easytorch-training - INFO - Evaluate best model on test data for horizon 12, Test MAE: 20.9932, Test RMSE: 33.8661, Test MAPE: 0.1484
2026-06-03 02:09:28,703 - easytorch-training - INFO - Result <test>: [test_time: 1.24 (s), test_MAE: 20.0759, test_RMSE: 32.2984, test_MAPE: 0.1441]
2026-06-03 02:09:28,726 - easytorch-training - INFO - Checkpoint checkpoints/KASA_v2_100_v3_base_mapper_plus_prior_kan_seed4/e8933f7750d7f87c085bb283f9c53551/KASA_v2_057.pt saved
2026-06-03 02:09:28,726 - easytorch-training - INFO - The estimated training finish time is 2026-06-03 02:18:14
2026-06-03 02:09:28,727 - easytorch-training - INFO - Epoch 58 / 100
2026-06-03 02:09:38,839 - easytorch-training - INFO - Result <train>: [train_time: 10.11 (s), lr: 5.00e-04, train_MAE: 19.2235, train_RMSE: 30.9616, train_MAPE: 0.1511]
2026-06-03 02:09:38,841 - easytorch-training - INFO - Start validation.
2026-06-03 02:09:39,609 - easytorch-training - INFO - Result <val>: [val_time: 0.77 (s), val_MAE: 19.6432, val_RMSE: 29.9046, val_MAPE: 0.1370]
2026-06-03 02:09:40,747 - easytorch-training - INFO - Evaluate best model on test data for horizon 1, Test MAE: 19.3137, Test RMSE: 30.4996, Test MAPE: 0.1364
2026-06-03 02:09:40,750 - easytorch-training - INFO - Evaluate best model on test data for horizon 2, Test MAE: 19.4363, Test RMSE: 30.9137, Test MAPE: 0.1373
2026-06-03 02:09:40,752 - easytorch-training - INFO - Evaluate best model on test data for horizon 3, Test MAE: 19.8361, Test RMSE: 31.3741, Test MAPE: 0.1416
2026-06-03 02:09:40,754 - easytorch-training - INFO - Evaluate best model on test data for horizon 4, Test MAE: 20.0015, Test RMSE: 31.7075, Test MAPE: 0.1420
2026-06-03 02:09:40,757 - easytorch-training - INFO - Evaluate best model on test data for horizon 5, Test MAE: 20.0640, Test RMSE: 31.9697, Test MAPE: 0.1416
2026-06-03 02:09:40,759 - easytorch-training - INFO - Evaluate best model on test data for horizon 6, Test MAE: 20.3903, Test RMSE: 32.3320, Test MAPE: 0.1445
2026-06-03 02:09:40,762 - easytorch-training - INFO - Evaluate best model on test data for horizon 7, Test MAE: 20.0990, Test RMSE: 32.3239, Test MAPE: 0.1422
2026-06-03 02:09:40,764 - easytorch-training - INFO - Evaluate best model on test data for horizon 8, Test MAE: 20.2732, Test RMSE: 32.5888, Test MAPE: 0.1431
2026-06-03 02:09:40,766 - easytorch-training - INFO - Evaluate best model on test data for horizon 9, Test MAE: 20.6774, Test RMSE: 32.9895, Test MAPE: 0.1452
2026-06-03 02:09:40,769 - easytorch-training - INFO - Evaluate best model on test data for horizon 10, Test MAE: 20.5468, Test RMSE: 33.0523, Test MAPE: 0.1449
2026-06-03 02:09:40,771 - easytorch-training - INFO - Evaluate best model on test data for horizon 11, Test MAE: 20.7683, Test RMSE: 33.3516, Test MAPE: 0.1460
2026-06-03 02:09:40,774 - easytorch-training - INFO - Evaluate best model on test data for horizon 12, Test MAE: 20.8973, Test RMSE: 33.6091, Test MAPE: 0.1519
2026-06-03 02:09:40,868 - easytorch-training - INFO - Result <test>: [test_time: 1.26 (s), test_MAE: 20.1920, test_RMSE: 32.2394, test_MAPE: 0.1431]
2026-06-03 02:09:40,891 - easytorch-training - INFO - Checkpoint checkpoints/KASA_v2_100_v3_base_mapper_plus_prior_kan_seed4/e8933f7750d7f87c085bb283f9c53551/KASA_v2_058.pt saved
2026-06-03 02:09:40,891 - easytorch-training - INFO - The estimated training finish time is 2026-06-03 02:18:14
2026-06-03 02:09:40,892 - easytorch-training - INFO - Epoch 59 / 100
2026-06-03 02:09:51,091 - easytorch-training - INFO - Result <train>: [train_time: 10.20 (s), lr: 5.00e-04, train_MAE: 19.1979, train_RMSE: 30.9232, train_MAPE: 0.1513]
2026-06-03 02:09:51,093 - easytorch-training - INFO - Start validation.
2026-06-03 02:09:51,855 - easytorch-training - INFO - Result <val>: [val_time: 0.76 (s), val_MAE: 19.5149, val_RMSE: 29.8429, val_MAPE: 0.1363]
2026-06-03 02:09:52,979 - easytorch-training - INFO - Evaluate best model on test data for horizon 1, Test MAE: 18.9985, Test RMSE: 30.2468, Test MAPE: 0.1357
2026-06-03 02:09:52,982 - easytorch-training - INFO - Evaluate best model on test data for horizon 2, Test MAE: 19.1313, Test RMSE: 30.6597, Test MAPE: 0.1376
2026-06-03 02:09:52,984 - easytorch-training - INFO - Evaluate best model on test data for horizon 3, Test MAE: 19.6825, Test RMSE: 31.1770, Test MAPE: 0.1424
2026-06-03 02:09:52,986 - easytorch-training - INFO - Evaluate best model on test data for horizon 4, Test MAE: 19.4994, Test RMSE: 31.3864, Test MAPE: 0.1387
2026-06-03 02:09:52,989 - easytorch-training - INFO - Evaluate best model on test data for horizon 5, Test MAE: 19.6997, Test RMSE: 31.7777, Test MAPE: 0.1417
2026-06-03 02:09:52,991 - easytorch-training - INFO - Evaluate best model on test data for horizon 6, Test MAE: 19.7657, Test RMSE: 31.9229, Test MAPE: 0.1408
2026-06-03 02:09:52,994 - easytorch-training - INFO - Evaluate best model on test data for horizon 7, Test MAE: 20.0232, Test RMSE: 32.2429, Test MAPE: 0.1409
2026-06-03 02:09:52,996 - easytorch-training - INFO - Evaluate best model on test data for horizon 8, Test MAE: 20.2411, Test RMSE: 32.5233, Test MAPE: 0.1427
2026-06-03 02:09:52,998 - easytorch-training - INFO - Evaluate best model on test data for horizon 9, Test MAE: 20.3116, Test RMSE: 32.7455, Test MAPE: 0.1428
2026-06-03 02:09:53,001 - easytorch-training - INFO - Evaluate best model on test data for horizon 10, Test MAE: 20.7667, Test RMSE: 33.1424, Test MAPE: 0.1456
2026-06-03 02:09:53,003 - easytorch-training - INFO - Evaluate best model on test data for horizon 11, Test MAE: 20.6737, Test RMSE: 33.2503, Test MAPE: 0.1453
2026-06-03 02:09:53,006 - easytorch-training - INFO - Evaluate best model on test data for horizon 12, Test MAE: 21.2759, Test RMSE: 33.7992, Test MAPE: 0.1492
2026-06-03 02:09:53,100 - easytorch-training - INFO - Result <test>: [test_time: 1.24 (s), test_MAE: 20.0058, test_RMSE: 32.0896, test_MAPE: 0.1420]
2026-06-03 02:09:53,124 - easytorch-training - INFO - Checkpoint checkpoints/KASA_v2_100_v3_base_mapper_plus_prior_kan_seed4/e8933f7750d7f87c085bb283f9c53551/KASA_v2_059.pt saved
2026-06-03 02:09:53,124 - easytorch-training - INFO - The estimated training finish time is 2026-06-03 02:18:14
2026-06-03 02:09:53,124 - easytorch-training - INFO - Epoch 60 / 100
2026-06-03 02:10:03,413 - easytorch-training - INFO - Result <train>: [train_time: 10.29 (s), lr: 5.00e-04, train_MAE: 19.1670, train_RMSE: 30.8854, train_MAPE: 0.1507]
2026-06-03 02:10:03,415 - easytorch-training - INFO - Start validation.
2026-06-03 02:10:04,211 - easytorch-training - INFO - Result <val>: [val_time: 0.80 (s), val_MAE: 19.4980, val_RMSE: 29.8714, val_MAPE: 0.1360]
2026-06-03 02:10:05,371 - easytorch-training - INFO - Evaluate best model on test data for horizon 1, Test MAE: 19.0774, Test RMSE: 30.3005, Test MAPE: 0.1366
2026-06-03 02:10:05,374 - easytorch-training - INFO - Evaluate best model on test data for horizon 2, Test MAE: 19.2774, Test RMSE: 30.7540, Test MAPE: 0.1392
2026-06-03 02:10:05,376 - easytorch-training - INFO - Evaluate best model on test data for horizon 3, Test MAE: 19.6286, Test RMSE: 31.2508, Test MAPE: 0.1407
2026-06-03 02:10:05,378 - easytorch-training - INFO - Evaluate best model on test data for horizon 4, Test MAE: 19.5740, Test RMSE: 31.4754, Test MAPE: 0.1393
2026-06-03 02:10:05,381 - easytorch-training - INFO - Evaluate best model on test data for horizon 5, Test MAE: 19.8263, Test RMSE: 31.8450, Test MAPE: 0.1425
2026-06-03 02:10:05,383 - easytorch-training - INFO - Evaluate best model on test data for horizon 6, Test MAE: 19.9814, Test RMSE: 32.1103, Test MAPE: 0.1442
2026-06-03 02:10:05,386 - easytorch-training - INFO - Evaluate best model on test data for horizon 7, Test MAE: 20.0943, Test RMSE: 32.3877, Test MAPE: 0.1422
2026-06-03 02:10:05,388 - easytorch-training - INFO - Evaluate best model on test data for horizon 8, Test MAE: 20.2331, Test RMSE: 32.6190, Test MAPE: 0.1432
2026-06-03 02:10:05,391 - easytorch-training - INFO - Evaluate best model on test data for horizon 9, Test MAE: 20.4471, Test RMSE: 32.9342, Test MAPE: 0.1434
2026-06-03 02:10:05,393 - easytorch-training - INFO - Evaluate best model on test data for horizon 10, Test MAE: 20.6197, Test RMSE: 33.2228, Test MAPE: 0.1455
2026-06-03 02:10:05,395 - easytorch-training - INFO - Evaluate best model on test data for horizon 11, Test MAE: 20.8400, Test RMSE: 33.4906, Test MAPE: 0.1458
2026-06-03 02:10:05,398 - easytorch-training - INFO - Evaluate best model on test data for horizon 12, Test MAE: 21.1949, Test RMSE: 33.9013, Test MAPE: 0.1474
2026-06-03 02:10:05,492 - easytorch-training - INFO - Result <test>: [test_time: 1.28 (s), test_MAE: 20.0662, test_RMSE: 32.2086, test_MAPE: 0.1425]
2026-06-03 02:10:05,517 - easytorch-training - INFO - Checkpoint checkpoints/KASA_v2_100_v3_base_mapper_plus_prior_kan_seed4/e8933f7750d7f87c085bb283f9c53551/KASA_v2_060.pt saved
2026-06-03 02:10:05,531 - easytorch-training - INFO - The estimated training finish time is 2026-06-03 02:18:14
2026-06-03 02:10:05,531 - easytorch-training - INFO - Epoch 61 / 100
2026-06-03 02:10:15,421 - easytorch-training - INFO - Result <train>: [train_time: 9.89 (s), lr: 2.50e-04, train_MAE: 18.9917, train_RMSE: 30.7079, train_MAPE: 0.1485]
2026-06-03 02:10:15,423 - easytorch-training - INFO - Start validation.
2026-06-03 02:10:16,194 - easytorch-training - INFO - Result <val>: [val_time: 0.77 (s), val_MAE: 19.4216, val_RMSE: 29.7155, val_MAPE: 0.1351]
2026-06-03 02:10:16,236 - easytorch-training - INFO - Checkpoint checkpoints/KASA_v2_100_v3_base_mapper_plus_prior_kan_seed4/e8933f7750d7f87c085bb283f9c53551/KASA_v2_best_val_MAE.pt saved
2026-06-03 02:10:17,364 - easytorch-training - INFO - Evaluate best model on test data for horizon 1, Test MAE: 19.1227, Test RMSE: 30.3439, Test MAPE: 0.1351
2026-06-03 02:10:17,367 - easytorch-training - INFO - Evaluate best model on test data for horizon 2, Test MAE: 19.2547, Test RMSE: 30.7379, Test MAPE: 0.1365
2026-06-03 02:10:17,369 - easytorch-training - INFO - Evaluate best model on test data for horizon 3, Test MAE: 20.3623, Test RMSE: 31.6836, Test MAPE: 0.1497
2026-06-03 02:10:17,372 - easytorch-training - INFO - Evaluate best model on test data for horizon 4, Test MAE: 19.4621, Test RMSE: 31.3505, Test MAPE: 0.1382
2026-06-03 02:10:17,374 - easytorch-training - INFO - Evaluate best model on test data for horizon 5, Test MAE: 19.6897, Test RMSE: 31.6863, Test MAPE: 0.1391
2026-06-03 02:10:17,376 - easytorch-training - INFO - Evaluate best model on test data for horizon 6, Test MAE: 19.9223, Test RMSE: 32.0048, Test MAPE: 0.1401
2026-06-03 02:10:17,379 - easytorch-training - INFO - Evaluate best model on test data for horizon 7, Test MAE: 20.0167, Test RMSE: 32.2489, Test MAPE: 0.1409
2026-06-03 02:10:17,381 - easytorch-training - INFO - Evaluate best model on test data for horizon 8, Test MAE: 20.1748, Test RMSE: 32.5133, Test MAPE: 0.1414
2026-06-03 02:10:17,384 - easytorch-training - INFO - Evaluate best model on test data for horizon 9, Test MAE: 20.3023, Test RMSE: 32.7382, Test MAPE: 0.1422
2026-06-03 02:10:17,386 - easytorch-training - INFO - Evaluate best model on test data for horizon 10, Test MAE: 20.4865, Test RMSE: 32.9954, Test MAPE: 0.1433
2026-06-03 02:10:17,388 - easytorch-training - INFO - Evaluate best model on test data for horizon 11, Test MAE: 20.6447, Test RMSE: 33.2621, Test MAPE: 0.1446
2026-06-03 02:10:17,391 - easytorch-training - INFO - Evaluate best model on test data for horizon 12, Test MAE: 20.9835, Test RMSE: 33.6609, Test MAPE: 0.1463
2026-06-03 02:10:17,484 - easytorch-training - INFO - Result <test>: [test_time: 1.25 (s), test_MAE: 20.0352, test_RMSE: 32.1165, test_MAPE: 0.1415]
2026-06-03 02:10:17,509 - easytorch-training - INFO - Checkpoint checkpoints/KASA_v2_100_v3_base_mapper_plus_prior_kan_seed4/e8933f7750d7f87c085bb283f9c53551/KASA_v2_061.pt saved
2026-06-03 02:10:17,509 - easytorch-training - INFO - The estimated training finish time is 2026-06-03 02:18:14
2026-06-03 02:10:17,509 - easytorch-training - INFO - Epoch 62 / 100
2026-06-03 02:10:27,643 - easytorch-training - INFO - Result <train>: [train_time: 10.13 (s), lr: 2.50e-04, train_MAE: 18.9776, train_RMSE: 30.6731, train_MAPE: 0.1486]
2026-06-03 02:10:27,645 - easytorch-training - INFO - Start validation.
2026-06-03 02:10:28,436 - easytorch-training - INFO - Result <val>: [val_time: 0.79 (s), val_MAE: 19.3524, val_RMSE: 29.6610, val_MAPE: 0.1335]
2026-06-03 02:10:28,480 - easytorch-training - INFO - Checkpoint checkpoints/KASA_v2_100_v3_base_mapper_plus_prior_kan_seed4/e8933f7750d7f87c085bb283f9c53551/KASA_v2_best_val_MAE.pt saved
2026-06-03 02:10:29,617 - easytorch-training - INFO - Evaluate best model on test data for horizon 1, Test MAE: 19.0634, Test RMSE: 30.2607, Test MAPE: 0.1346
2026-06-03 02:10:29,619 - easytorch-training - INFO - Evaluate best model on test data for horizon 2, Test MAE: 19.2346, Test RMSE: 30.7129, Test MAPE: 0.1357
2026-06-03 02:10:29,622 - easytorch-training - INFO - Evaluate best model on test data for horizon 3, Test MAE: 19.5018, Test RMSE: 31.1537, Test MAPE: 0.1383
2026-06-03 02:10:29,624 - easytorch-training - INFO - Evaluate best model on test data for horizon 4, Test MAE: 19.5452, Test RMSE: 31.3834, Test MAPE: 0.1375
2026-06-03 02:10:29,627 - easytorch-training - INFO - Evaluate best model on test data for horizon 5, Test MAE: 19.7271, Test RMSE: 31.6905, Test MAPE: 0.1385
2026-06-03 02:10:29,629 - easytorch-training - INFO - Evaluate best model on test data for horizon 6, Test MAE: 19.7316, Test RMSE: 31.8640, Test MAPE: 0.1390
2026-06-03 02:10:29,632 - easytorch-training - INFO - Evaluate best model on test data for horizon 7, Test MAE: 19.9086, Test RMSE: 32.1508, Test MAPE: 0.1399
2026-06-03 02:10:29,634 - easytorch-training - INFO - Evaluate best model on test data for horizon 8, Test MAE: 19.9983, Test RMSE: 32.3697, Test MAPE: 0.1410
2026-06-03 02:10:29,636 - easytorch-training - INFO - Evaluate best model on test data for horizon 9, Test MAE: 20.2353, Test RMSE: 32.6882, Test MAPE: 0.1417
2026-06-03 02:10:29,639 - easytorch-training - INFO - Evaluate best model on test data for horizon 10, Test MAE: 20.4709, Test RMSE: 32.9598, Test MAPE: 0.1430
2026-06-03 02:10:29,641 - easytorch-training - INFO - Evaluate best model on test data for horizon 11, Test MAE: 20.5701, Test RMSE: 33.1840, Test MAPE: 0.1440
2026-06-03 02:10:29,644 - easytorch-training - INFO - Evaluate best model on test data for horizon 12, Test MAE: 20.8056, Test RMSE: 33.5112, Test MAPE: 0.1459
2026-06-03 02:10:29,740 - easytorch-training - INFO - Result <test>: [test_time: 1.26 (s), test_MAE: 19.8994, test_RMSE: 32.0086, test_MAPE: 0.1399]
2026-06-03 02:10:29,763 - easytorch-training - INFO - Checkpoint checkpoints/KASA_v2_100_v3_base_mapper_plus_prior_kan_seed4/e8933f7750d7f87c085bb283f9c53551/KASA_v2_062.pt saved
2026-06-03 02:10:29,764 - easytorch-training - INFO - The estimated training finish time is 2026-06-03 02:18:14
2026-06-03 02:10:29,764 - easytorch-training - INFO - Epoch 63 / 100
2026-06-03 02:10:39,886 - easytorch-training - INFO - Result <train>: [train_time: 10.12 (s), lr: 2.50e-04, train_MAE: 18.9635, train_RMSE: 30.6657, train_MAPE: 0.1483]
2026-06-03 02:10:39,888 - easytorch-training - INFO - Start validation.
2026-06-03 02:10:40,639 - easytorch-training - INFO - Result <val>: [val_time: 0.75 (s), val_MAE: 19.3871, val_RMSE: 29.6989, val_MAPE: 0.1342]
2026-06-03 02:10:41,752 - easytorch-training - INFO - Evaluate best model on test data for horizon 1, Test MAE: 18.9560, Test RMSE: 30.1873, Test MAPE: 0.1356
2026-06-03 02:10:41,755 - easytorch-training - INFO - Evaluate best model on test data for horizon 2, Test MAE: 19.3169, Test RMSE: 30.7969, Test MAPE: 0.1360
2026-06-03 02:10:41,757 - easytorch-training - INFO - Evaluate best model on test data for horizon 3, Test MAE: 19.7476, Test RMSE: 31.3463, Test MAPE: 0.1390
2026-06-03 02:10:41,760 - easytorch-training - INFO - Evaluate best model on test data for horizon 4, Test MAE: 19.5344, Test RMSE: 31.4081, Test MAPE: 0.1387
2026-06-03 02:10:41,762 - easytorch-training - INFO - Evaluate best model on test data for horizon 5, Test MAE: 19.7149, Test RMSE: 31.7237, Test MAPE: 0.1391
2026-06-03 02:10:41,765 - easytorch-training - INFO - Evaluate best model on test data for horizon 6, Test MAE: 19.9424, Test RMSE: 32.0409, Test MAPE: 0.1401
2026-06-03 02:10:41,767 - easytorch-training - INFO - Evaluate best model on test data for horizon 7, Test MAE: 20.0788, Test RMSE: 32.2918, Test MAPE: 0.1408
2026-06-03 02:10:41,770 - easytorch-training - INFO - Evaluate best model on test data for horizon 8, Test MAE: 20.2000, Test RMSE: 32.5320, Test MAPE: 0.1418
2026-06-03 02:10:41,772 - easytorch-training - INFO - Evaluate best model on test data for horizon 9, Test MAE: 20.3098, Test RMSE: 32.7729, Test MAPE: 0.1429
2026-06-03 02:10:41,774 - easytorch-training - INFO - Evaluate best model on test data for horizon 10, Test MAE: 20.4214, Test RMSE: 32.9921, Test MAPE: 0.1443
2026-06-03 02:10:41,777 - easytorch-training - INFO - Evaluate best model on test data for horizon 11, Test MAE: 20.7468, Test RMSE: 33.3425, Test MAPE: 0.1455
2026-06-03 02:10:41,779 - easytorch-training - INFO - Evaluate best model on test data for horizon 12, Test MAE: 20.9211, Test RMSE: 33.6499, Test MAPE: 0.1472
2026-06-03 02:10:41,871 - easytorch-training - INFO - Result <test>: [test_time: 1.23 (s), test_MAE: 19.9909, test_RMSE: 32.1059, test_MAPE: 0.1409]
2026-06-03 02:10:41,894 - easytorch-training - INFO - Checkpoint checkpoints/KASA_v2_100_v3_base_mapper_plus_prior_kan_seed4/e8933f7750d7f87c085bb283f9c53551/KASA_v2_063.pt saved
2026-06-03 02:10:41,894 - easytorch-training - INFO - The estimated training finish time is 2026-06-03 02:18:14
2026-06-03 02:10:41,894 - easytorch-training - INFO - Epoch 64 / 100
2026-06-03 02:10:51,962 - easytorch-training - INFO - Result <train>: [train_time: 10.07 (s), lr: 2.50e-04, train_MAE: 18.9420, train_RMSE: 30.6242, train_MAPE: 0.1483]
2026-06-03 02:10:51,964 - easytorch-training - INFO - Start validation.
2026-06-03 02:10:52,741 - easytorch-training - INFO - Result <val>: [val_time: 0.78 (s), val_MAE: 19.4120, val_RMSE: 29.7090, val_MAPE: 0.1368]
2026-06-03 02:10:53,872 - easytorch-training - INFO - Evaluate best model on test data for horizon 1, Test MAE: 18.9063, Test RMSE: 30.1464, Test MAPE: 0.1361
2026-06-03 02:10:53,874 - easytorch-training - INFO - Evaluate best model on test data for horizon 2, Test MAE: 19.0921, Test RMSE: 30.5921, Test MAPE: 0.1397
2026-06-03 02:10:53,877 - easytorch-training - INFO - Evaluate best model on test data for horizon 3, Test MAE: 19.6490, Test RMSE: 31.0789, Test MAPE: 0.1579
2026-06-03 02:10:53,879 - easytorch-training - INFO - Evaluate best model on test data for horizon 4, Test MAE: 19.3991, Test RMSE: 31.3150, Test MAPE: 0.1388
2026-06-03 02:10:53,882 - easytorch-training - INFO - Evaluate best model on test data for horizon 5, Test MAE: 19.5902, Test RMSE: 31.6488, Test MAPE: 0.1391
2026-06-03 02:10:53,884 - easytorch-training - INFO - Evaluate best model on test data for horizon 6, Test MAE: 19.7989, Test RMSE: 31.9403, Test MAPE: 0.1398
2026-06-03 02:10:53,886 - easytorch-training - INFO - Evaluate best model on test data for horizon 7, Test MAE: 20.0086, Test RMSE: 32.2668, Test MAPE: 0.1410
2026-06-03 02:10:53,889 - easytorch-training - INFO - Evaluate best model on test data for horizon 8, Test MAE: 20.4527, Test RMSE: 32.6687, Test MAPE: 0.1439
2026-06-03 02:10:53,891 - easytorch-training - INFO - Evaluate best model on test data for horizon 9, Test MAE: 20.5025, Test RMSE: 32.8954, Test MAPE: 0.1441
2026-06-03 02:10:53,894 - easytorch-training - INFO - Evaluate best model on test data for horizon 10, Test MAE: 20.6737, Test RMSE: 33.1260, Test MAPE: 0.1454
2026-06-03 02:10:53,896 - easytorch-training - INFO - Evaluate best model on test data for horizon 11, Test MAE: 20.8894, Test RMSE: 33.4343, Test MAPE: 0.1461
2026-06-03 02:10:53,899 - easytorch-training - INFO - Evaluate best model on test data for horizon 12, Test MAE: 21.1273, Test RMSE: 33.7679, Test MAPE: 0.1474
2026-06-03 02:10:53,994 - easytorch-training - INFO - Result <test>: [test_time: 1.25 (s), test_MAE: 20.0075, test_RMSE: 32.0923, test_MAPE: 0.1433]
2026-06-03 02:10:54,018 - easytorch-training - INFO - Checkpoint checkpoints/KASA_v2_100_v3_base_mapper_plus_prior_kan_seed4/e8933f7750d7f87c085bb283f9c53551/KASA_v2_064.pt saved
2026-06-03 02:10:54,018 - easytorch-training - INFO - The estimated training finish time is 2026-06-03 02:18:14
2026-06-03 02:10:54,018 - easytorch-training - INFO - Epoch 65 / 100
2026-06-03 02:11:04,939 - easytorch-training - INFO - Result <train>: [train_time: 10.92 (s), lr: 2.50e-04, train_MAE: 18.9517, train_RMSE: 30.6163, train_MAPE: 0.1487]
2026-06-03 02:11:04,941 - easytorch-training - INFO - Start validation.
2026-06-03 02:11:05,708 - easytorch-training - INFO - Result <val>: [val_time: 0.77 (s), val_MAE: 19.4152, val_RMSE: 29.6804, val_MAPE: 0.1356]
2026-06-03 02:11:06,952 - easytorch-training - INFO - Evaluate best model on test data for horizon 1, Test MAE: 18.9160, Test RMSE: 30.1410, Test MAPE: 0.1349
2026-06-03 02:11:06,955 - easytorch-training - INFO - Evaluate best model on test data for horizon 2, Test MAE: 19.1070, Test RMSE: 30.6099, Test MAPE: 0.1364
2026-06-03 02:11:06,957 - easytorch-training - INFO - Evaluate best model on test data for horizon 3, Test MAE: 19.5969, Test RMSE: 31.2166, Test MAPE: 0.1402
2026-06-03 02:11:06,960 - easytorch-training - INFO - Evaluate best model on test data for horizon 4, Test MAE: 19.4168, Test RMSE: 31.3050, Test MAPE: 0.1395
2026-06-03 02:11:06,962 - easytorch-training - INFO - Evaluate best model on test data for horizon 5, Test MAE: 19.5307, Test RMSE: 31.5612, Test MAPE: 0.1398
2026-06-03 02:11:06,965 - easytorch-training - INFO - Evaluate best model on test data for horizon 6, Test MAE: 19.9675, Test RMSE: 31.9960, Test MAPE: 0.1408
2026-06-03 02:11:06,967 - easytorch-training - INFO - Evaluate best model on test data for horizon 7, Test MAE: 20.0897, Test RMSE: 32.2531, Test MAPE: 0.1418
2026-06-03 02:11:06,969 - easytorch-training - INFO - Evaluate best model on test data for horizon 8, Test MAE: 20.1020, Test RMSE: 32.4115, Test MAPE: 0.1421
2026-06-03 02:11:06,972 - easytorch-training - INFO - Evaluate best model on test data for horizon 9, Test MAE: 20.6462, Test RMSE: 32.8873, Test MAPE: 0.1457
2026-06-03 02:11:06,974 - easytorch-training - INFO - Evaluate best model on test data for horizon 10, Test MAE: 20.5908, Test RMSE: 33.0125, Test MAPE: 0.1443
2026-06-03 02:11:06,977 - easytorch-training - INFO - Evaluate best model on test data for horizon 11, Test MAE: 20.7497, Test RMSE: 33.2699, Test MAPE: 0.1457
2026-06-03 02:11:06,979 - easytorch-training - INFO - Evaluate best model on test data for horizon 12, Test MAE: 20.9601, Test RMSE: 33.5969, Test MAPE: 0.1470
2026-06-03 02:11:07,074 - easytorch-training - INFO - Result <test>: [test_time: 1.36 (s), test_MAE: 19.9728, test_RMSE: 32.0385, test_MAPE: 0.1415]
2026-06-03 02:11:07,099 - easytorch-training - INFO - Checkpoint checkpoints/KASA_v2_100_v3_base_mapper_plus_prior_kan_seed4/e8933f7750d7f87c085bb283f9c53551/KASA_v2_065.pt saved
2026-06-03 02:11:07,100 - easytorch-training - INFO - The estimated training finish time is 2026-06-03 02:18:15
2026-06-03 02:11:07,100 - easytorch-training - INFO - Epoch 66 / 100
2026-06-03 02:11:17,144 - easytorch-training - INFO - Result <train>: [train_time: 10.04 (s), lr: 2.50e-04, train_MAE: 18.9396, train_RMSE: 30.6051, train_MAPE: 0.1484]
2026-06-03 02:11:17,146 - easytorch-training - INFO - Start validation.
2026-06-03 02:11:17,929 - easytorch-training - INFO - Result <val>: [val_time: 0.78 (s), val_MAE: 19.2816, val_RMSE: 29.5735, val_MAPE: 0.1364]
2026-06-03 02:11:17,977 - easytorch-training - INFO - Checkpoint checkpoints/KASA_v2_100_v3_base_mapper_plus_prior_kan_seed4/e8933f7750d7f87c085bb283f9c53551/KASA_v2_best_val_MAE.pt saved
2026-06-03 02:11:19,089 - easytorch-training - INFO - Evaluate best model on test data for horizon 1, Test MAE: 18.9405, Test RMSE: 30.1121, Test MAPE: 0.1402
2026-06-03 02:11:19,092 - easytorch-training - INFO - Evaluate best model on test data for horizon 2, Test MAE: 19.0755, Test RMSE: 30.5605, Test MAPE: 0.1394
2026-06-03 02:11:19,094 - easytorch-training - INFO - Evaluate best model on test data for horizon 3, Test MAE: 19.5217, Test RMSE: 31.1100, Test MAPE: 0.1422
2026-06-03 02:11:19,097 - easytorch-training - INFO - Evaluate best model on test data for horizon 4, Test MAE: 19.3905, Test RMSE: 31.2810, Test MAPE: 0.1400
2026-06-03 02:11:19,099 - easytorch-training - INFO - Evaluate best model on test data for horizon 5, Test MAE: 19.5379, Test RMSE: 31.5573, Test MAPE: 0.1413
2026-06-03 02:11:19,102 - easytorch-training - INFO - Evaluate best model on test data for horizon 6, Test MAE: 19.6931, Test RMSE: 31.8233, Test MAPE: 0.1423
2026-06-03 02:11:19,104 - easytorch-training - INFO - Evaluate best model on test data for horizon 7, Test MAE: 19.8851, Test RMSE: 32.1417, Test MAPE: 0.1420
2026-06-03 02:11:19,107 - easytorch-training - INFO - Evaluate best model on test data for horizon 8, Test MAE: 20.0442, Test RMSE: 32.3973, Test MAPE: 0.1426
2026-06-03 02:11:19,109 - easytorch-training - INFO - Evaluate best model on test data for horizon 9, Test MAE: 20.2013, Test RMSE: 32.6713, Test MAPE: 0.1437
2026-06-03 02:11:19,112 - easytorch-training - INFO - Evaluate best model on test data for horizon 10, Test MAE: 20.5248, Test RMSE: 32.9798, Test MAPE: 0.1448
2026-06-03 02:11:19,114 - easytorch-training - INFO - Evaluate best model on test data for horizon 11, Test MAE: 20.6127, Test RMSE: 33.2311, Test MAPE: 0.1461
2026-06-03 02:11:19,116 - easytorch-training - INFO - Evaluate best model on test data for horizon 12, Test MAE: 20.9102, Test RMSE: 33.5781, Test MAPE: 0.1477
2026-06-03 02:11:19,210 - easytorch-training - INFO - Result <test>: [test_time: 1.23 (s), test_MAE: 19.8615, test_RMSE: 31.9703, test_MAPE: 0.1427]
2026-06-03 02:11:19,233 - easytorch-training - INFO - Checkpoint checkpoints/KASA_v2_100_v3_base_mapper_plus_prior_kan_seed4/e8933f7750d7f87c085bb283f9c53551/KASA_v2_066.pt saved
2026-06-03 02:11:19,233 - easytorch-training - INFO - The estimated training finish time is 2026-06-03 02:18:15
2026-06-03 02:11:19,233 - easytorch-training - INFO - Epoch 67 / 100
2026-06-03 02:11:29,403 - easytorch-training - INFO - Result <train>: [train_time: 10.17 (s), lr: 2.50e-04, train_MAE: 18.9290, train_RMSE: 30.5938, train_MAPE: 0.1483]
2026-06-03 02:11:29,405 - easytorch-training - INFO - Start validation.
2026-06-03 02:11:30,199 - easytorch-training - INFO - Result <val>: [val_time: 0.79 (s), val_MAE: 19.2462, val_RMSE: 29.5492, val_MAPE: 0.1375]
2026-06-03 02:11:30,242 - easytorch-training - INFO - Checkpoint checkpoints/KASA_v2_100_v3_base_mapper_plus_prior_kan_seed4/e8933f7750d7f87c085bb283f9c53551/KASA_v2_best_val_MAE.pt saved
2026-06-03 02:11:31,379 - easytorch-training - INFO - Evaluate best model on test data for horizon 1, Test MAE: 18.9267, Test RMSE: 30.1360, Test MAPE: 0.1374
2026-06-03 02:11:31,381 - easytorch-training - INFO - Evaluate best model on test data for horizon 2, Test MAE: 19.0560, Test RMSE: 30.5771, Test MAPE: 0.1378
2026-06-03 02:11:31,384 - easytorch-training - INFO - Evaluate best model on test data for horizon 3, Test MAE: 19.5232, Test RMSE: 31.1001, Test MAPE: 0.1439
2026-06-03 02:11:31,386 - easytorch-training - INFO - Evaluate best model on test data for horizon 4, Test MAE: 19.3976, Test RMSE: 31.2619, Test MAPE: 0.1411
2026-06-03 02:11:31,389 - easytorch-training - INFO - Evaluate best model on test data for horizon 5, Test MAE: 19.5457, Test RMSE: 31.5650, Test MAPE: 0.1416
2026-06-03 02:11:31,391 - easytorch-training - INFO - Evaluate best model on test data for horizon 6, Test MAE: 19.6542, Test RMSE: 31.7922, Test MAPE: 0.1415
2026-06-03 02:11:31,393 - easytorch-training - INFO - Evaluate best model on test data for horizon 7, Test MAE: 19.8367, Test RMSE: 32.1040, Test MAPE: 0.1442
2026-06-03 02:11:31,396 - easytorch-training - INFO - Evaluate best model on test data for horizon 8, Test MAE: 19.9973, Test RMSE: 32.3349, Test MAPE: 0.1470
2026-06-03 02:11:31,398 - easytorch-training - INFO - Evaluate best model on test data for horizon 9, Test MAE: 20.1240, Test RMSE: 32.6068, Test MAPE: 0.1443
2026-06-03 02:11:31,401 - easytorch-training - INFO - Evaluate best model on test data for horizon 10, Test MAE: 20.2835, Test RMSE: 32.8190, Test MAPE: 0.1468
2026-06-03 02:11:31,403 - easytorch-training - INFO - Evaluate best model on test data for horizon 11, Test MAE: 20.4882, Test RMSE: 33.1145, Test MAPE: 0.1483
2026-06-03 02:11:31,406 - easytorch-training - INFO - Evaluate best model on test data for horizon 12, Test MAE: 20.7160, Test RMSE: 33.4423, Test MAPE: 0.1485
2026-06-03 02:11:31,500 - easytorch-training - INFO - Result <test>: [test_time: 1.26 (s), test_MAE: 19.7958, test_RMSE: 31.9195, test_MAPE: 0.1435]
2026-06-03 02:11:31,523 - easytorch-training - INFO - Checkpoint checkpoints/KASA_v2_100_v3_base_mapper_plus_prior_kan_seed4/e8933f7750d7f87c085bb283f9c53551/KASA_v2_067.pt saved
2026-06-03 02:11:31,524 - easytorch-training - INFO - The estimated training finish time is 2026-06-03 02:18:15
2026-06-03 02:11:31,524 - easytorch-training - INFO - Epoch 68 / 100
2026-06-03 02:11:42,033 - easytorch-training - INFO - Result <train>: [train_time: 10.51 (s), lr: 2.50e-04, train_MAE: 18.9095, train_RMSE: 30.5705, train_MAPE: 0.1481]
2026-06-03 02:11:42,034 - easytorch-training - INFO - Start validation.
2026-06-03 02:11:42,828 - easytorch-training - INFO - Result <val>: [val_time: 0.79 (s), val_MAE: 19.1981, val_RMSE: 29.5239, val_MAPE: 0.1378]
2026-06-03 02:11:42,876 - easytorch-training - INFO - Checkpoint checkpoints/KASA_v2_100_v3_base_mapper_plus_prior_kan_seed4/e8933f7750d7f87c085bb283f9c53551/KASA_v2_best_val_MAE.pt saved
2026-06-03 02:11:44,050 - easytorch-training - INFO - Evaluate best model on test data for horizon 1, Test MAE: 18.9036, Test RMSE: 30.1524, Test MAPE: 0.1364
2026-06-03 02:11:44,053 - easytorch-training - INFO - Evaluate best model on test data for horizon 2, Test MAE: 19.0448, Test RMSE: 30.5914, Test MAPE: 0.1394
2026-06-03 02:11:44,055 - easytorch-training - INFO - Evaluate best model on test data for horizon 3, Test MAE: 19.4117, Test RMSE: 31.0331, Test MAPE: 0.1407
2026-06-03 02:11:44,058 - easytorch-training - INFO - Evaluate best model on test data for horizon 4, Test MAE: 19.4077, Test RMSE: 31.3168, Test MAPE: 0.1388
2026-06-03 02:11:44,060 - easytorch-training - INFO - Evaluate best model on test data for horizon 5, Test MAE: 19.5299, Test RMSE: 31.5923, Test MAPE: 0.1416
2026-06-03 02:11:44,063 - easytorch-training - INFO - Evaluate best model on test data for horizon 6, Test MAE: 19.6704, Test RMSE: 31.8564, Test MAPE: 0.1421
2026-06-03 02:11:44,065 - easytorch-training - INFO - Evaluate best model on test data for horizon 7, Test MAE: 19.9230, Test RMSE: 32.1938, Test MAPE: 0.1474
2026-06-03 02:11:44,067 - easytorch-training - INFO - Evaluate best model on test data for horizon 8, Test MAE: 19.9823, Test RMSE: 32.3878, Test MAPE: 0.1441
2026-06-03 02:11:44,070 - easytorch-training - INFO - Evaluate best model on test data for horizon 9, Test MAE: 20.1266, Test RMSE: 32.6352, Test MAPE: 0.1459
2026-06-03 02:11:44,072 - easytorch-training - INFO - Evaluate best model on test data for horizon 10, Test MAE: 20.3460, Test RMSE: 32.9301, Test MAPE: 0.1504
2026-06-03 02:11:44,075 - easytorch-training - INFO - Evaluate best model on test data for horizon 11, Test MAE: 20.4665, Test RMSE: 33.1367, Test MAPE: 0.1479
2026-06-03 02:11:44,077 - easytorch-training - INFO - Evaluate best model on test data for horizon 12, Test MAE: 20.7199, Test RMSE: 33.4563, Test MAPE: 0.1495
2026-06-03 02:11:44,171 - easytorch-training - INFO - Result <test>: [test_time: 1.29 (s), test_MAE: 19.7944, test_RMSE: 31.9556, test_MAPE: 0.1437]
2026-06-03 02:11:44,195 - easytorch-training - INFO - Checkpoint checkpoints/KASA_v2_100_v3_base_mapper_plus_prior_kan_seed4/e8933f7750d7f87c085bb283f9c53551/KASA_v2_068.pt saved
2026-06-03 02:11:44,195 - easytorch-training - INFO - The estimated training finish time is 2026-06-03 02:18:15
2026-06-03 02:11:44,195 - easytorch-training - INFO - Epoch 69 / 100
2026-06-03 02:11:54,745 - easytorch-training - INFO - Result <train>: [train_time: 10.55 (s), lr: 2.50e-04, train_MAE: 18.9059, train_RMSE: 30.5576, train_MAPE: 0.1482]
2026-06-03 02:11:54,747 - easytorch-training - INFO - Start validation.
2026-06-03 02:11:55,548 - easytorch-training - INFO - Result <val>: [val_time: 0.80 (s), val_MAE: 19.1728, val_RMSE: 29.4895, val_MAPE: 0.1368]
2026-06-03 02:11:55,597 - easytorch-training - INFO - Checkpoint checkpoints/KASA_v2_100_v3_base_mapper_plus_prior_kan_seed4/e8933f7750d7f87c085bb283f9c53551/KASA_v2_best_val_MAE.pt saved
2026-06-03 02:11:56,742 - easytorch-training - INFO - Evaluate best model on test data for horizon 1, Test MAE: 18.8289, Test RMSE: 30.0295, Test MAPE: 0.1371
2026-06-03 02:11:56,745 - easytorch-training - INFO - Evaluate best model on test data for horizon 2, Test MAE: 19.0056, Test RMSE: 30.4865, Test MAPE: 0.1390
2026-06-03 02:11:56,747 - easytorch-training - INFO - Evaluate best model on test data for horizon 3, Test MAE: 19.3415, Test RMSE: 30.9394, Test MAPE: 0.1385
2026-06-03 02:11:56,750 - easytorch-training - INFO - Evaluate best model on test data for horizon 4, Test MAE: 19.3817, Test RMSE: 31.1980, Test MAPE: 0.1434
2026-06-03 02:11:56,752 - easytorch-training - INFO - Evaluate best model on test data for horizon 5, Test MAE: 19.4523, Test RMSE: 31.4760, Test MAPE: 0.1415
2026-06-03 02:11:56,754 - easytorch-training - INFO - Evaluate best model on test data for horizon 6, Test MAE: 19.6338, Test RMSE: 31.7704, Test MAPE: 0.1432
2026-06-03 02:11:56,757 - easytorch-training - INFO - Evaluate best model on test data for horizon 7, Test MAE: 19.8142, Test RMSE: 32.0599, Test MAPE: 0.1455
2026-06-03 02:11:56,759 - easytorch-training - INFO - Evaluate best model on test data for horizon 8, Test MAE: 19.9303, Test RMSE: 32.3065, Test MAPE: 0.1444
2026-06-03 02:11:56,762 - easytorch-training - INFO - Evaluate best model on test data for horizon 9, Test MAE: 20.0616, Test RMSE: 32.5528, Test MAPE: 0.1448
2026-06-03 02:11:56,764 - easytorch-training - INFO - Evaluate best model on test data for horizon 10, Test MAE: 20.2234, Test RMSE: 32.8027, Test MAPE: 0.1445
2026-06-03 02:11:56,767 - easytorch-training - INFO - Evaluate best model on test data for horizon 11, Test MAE: 20.4632, Test RMSE: 33.1088, Test MAPE: 0.1485
2026-06-03 02:11:56,769 - easytorch-training - INFO - Evaluate best model on test data for horizon 12, Test MAE: 20.6887, Test RMSE: 33.4383, Test MAPE: 0.1480
2026-06-03 02:11:56,864 - easytorch-training - INFO - Result <test>: [test_time: 1.27 (s), test_MAE: 19.7354, test_RMSE: 31.8636, test_MAPE: 0.1432]
2026-06-03 02:11:56,887 - easytorch-training - INFO - Checkpoint checkpoints/KASA_v2_100_v3_base_mapper_plus_prior_kan_seed4/e8933f7750d7f87c085bb283f9c53551/KASA_v2_069.pt saved
2026-06-03 02:11:56,888 - easytorch-training - INFO - The estimated training finish time is 2026-06-03 02:18:16
2026-06-03 02:11:56,888 - easytorch-training - INFO - Epoch 70 / 100
2026-06-03 02:12:07,433 - easytorch-training - INFO - Result <train>: [train_time: 10.54 (s), lr: 2.50e-04, train_MAE: 18.8804, train_RMSE: 30.5237, train_MAPE: 0.1479]
2026-06-03 02:12:07,434 - easytorch-training - INFO - Start validation.
2026-06-03 02:12:08,239 - easytorch-training - INFO - Result <val>: [val_time: 0.80 (s), val_MAE: 19.3455, val_RMSE: 29.5622, val_MAPE: 0.1456]
2026-06-03 02:12:09,449 - easytorch-training - INFO - Evaluate best model on test data for horizon 1, Test MAE: 18.9755, Test RMSE: 30.1174, Test MAPE: 0.1397
2026-06-03 02:12:09,451 - easytorch-training - INFO - Evaluate best model on test data for horizon 2, Test MAE: 19.1970, Test RMSE: 30.5513, Test MAPE: 0.1467
2026-06-03 02:12:09,454 - easytorch-training - INFO - Evaluate best model on test data for horizon 3, Test MAE: 19.6721, Test RMSE: 31.0785, Test MAPE: 0.1590
2026-06-03 02:12:09,456 - easytorch-training - INFO - Evaluate best model on test data for horizon 4, Test MAE: 19.4297, Test RMSE: 31.2268, Test MAPE: 0.1449
2026-06-03 02:12:09,459 - easytorch-training - INFO - Evaluate best model on test data for horizon 5, Test MAE: 19.6456, Test RMSE: 31.5596, Test MAPE: 0.1486
2026-06-03 02:12:09,461 - easytorch-training - INFO - Evaluate best model on test data for horizon 6, Test MAE: 19.8069, Test RMSE: 31.8328, Test MAPE: 0.1502
2026-06-03 02:12:09,464 - easytorch-training - INFO - Evaluate best model on test data for horizon 7, Test MAE: 19.9943, Test RMSE: 32.1531, Test MAPE: 0.1514
2026-06-03 02:12:09,466 - easytorch-training - INFO - Evaluate best model on test data for horizon 8, Test MAE: 20.1562, Test RMSE: 32.4004, Test MAPE: 0.1537
2026-06-03 02:12:09,468 - easytorch-training - INFO - Evaluate best model on test data for horizon 9, Test MAE: 20.2859, Test RMSE: 32.6722, Test MAPE: 0.1512
2026-06-03 02:12:09,471 - easytorch-training - INFO - Evaluate best model on test data for horizon 10, Test MAE: 20.5183, Test RMSE: 32.9256, Test MAPE: 0.1559
2026-06-03 02:12:09,473 - easytorch-training - INFO - Evaluate best model on test data for horizon 11, Test MAE: 20.7715, Test RMSE: 33.2592, Test MAPE: 0.1580
2026-06-03 02:12:09,476 - easytorch-training - INFO - Evaluate best model on test data for horizon 12, Test MAE: 20.9500, Test RMSE: 33.5714, Test MAPE: 0.1580
2026-06-03 02:12:09,567 - easytorch-training - INFO - Result <test>: [test_time: 1.33 (s), test_MAE: 19.9503, test_RMSE: 31.9625, test_MAPE: 0.1514]
2026-06-03 02:12:09,591 - easytorch-training - INFO - Checkpoint checkpoints/KASA_v2_100_v3_base_mapper_plus_prior_kan_seed4/e8933f7750d7f87c085bb283f9c53551/KASA_v2_070.pt saved
2026-06-03 02:12:09,604 - easytorch-training - INFO - The estimated training finish time is 2026-06-03 02:18:17
2026-06-03 02:12:09,604 - easytorch-training - INFO - Epoch 71 / 100
2026-06-03 02:12:20,207 - easytorch-training - INFO - Result <train>: [train_time: 10.60 (s), lr: 2.50e-04, train_MAE: 18.8964, train_RMSE: 30.5306, train_MAPE: 0.1484]
2026-06-03 02:12:20,209 - easytorch-training - INFO - Start validation.
2026-06-03 02:12:21,003 - easytorch-training - INFO - Result <val>: [val_time: 0.79 (s), val_MAE: 19.1964, val_RMSE: 29.5145, val_MAPE: 0.1342]
2026-06-03 02:12:22,163 - easytorch-training - INFO - Evaluate best model on test data for horizon 1, Test MAE: 18.8015, Test RMSE: 30.0142, Test MAPE: 0.1355
2026-06-03 02:12:22,166 - easytorch-training - INFO - Evaluate best model on test data for horizon 2, Test MAE: 18.9989, Test RMSE: 30.5000, Test MAPE: 0.1357
2026-06-03 02:12:22,168 - easytorch-training - INFO - Evaluate best model on test data for horizon 3, Test MAE: 19.4175, Test RMSE: 31.0199, Test MAPE: 0.1412
2026-06-03 02:12:22,170 - easytorch-training - INFO - Evaluate best model on test data for horizon 4, Test MAE: 19.3124, Test RMSE: 31.1978, Test MAPE: 0.1378
2026-06-03 02:12:22,173 - easytorch-training - INFO - Evaluate best model on test data for horizon 5, Test MAE: 19.5221, Test RMSE: 31.5437, Test MAPE: 0.1383
2026-06-03 02:12:22,175 - easytorch-training - INFO - Evaluate best model on test data for horizon 6, Test MAE: 19.6223, Test RMSE: 31.7838, Test MAPE: 0.1392
2026-06-03 02:12:22,178 - easytorch-training - INFO - Evaluate best model on test data for horizon 7, Test MAE: 19.7785, Test RMSE: 32.0716, Test MAPE: 0.1407
2026-06-03 02:12:22,180 - easytorch-training - INFO - Evaluate best model on test data for horizon 8, Test MAE: 19.9255, Test RMSE: 32.3231, Test MAPE: 0.1420
2026-06-03 02:12:22,183 - easytorch-training - INFO - Evaluate best model on test data for horizon 9, Test MAE: 20.2128, Test RMSE: 32.6500, Test MAPE: 0.1419
2026-06-03 02:12:22,185 - easytorch-training - INFO - Evaluate best model on test data for horizon 10, Test MAE: 20.3439, Test RMSE: 32.8790, Test MAPE: 0.1430
2026-06-03 02:12:22,187 - easytorch-training - INFO - Evaluate best model on test data for horizon 11, Test MAE: 20.5244, Test RMSE: 33.1486, Test MAPE: 0.1448
2026-06-03 02:12:22,190 - easytorch-training - INFO - Evaluate best model on test data for horizon 12, Test MAE: 20.9480, Test RMSE: 33.5757, Test MAPE: 0.1460
2026-06-03 02:12:22,287 - easytorch-training - INFO - Result <test>: [test_time: 1.28 (s), test_MAE: 19.7840, test_RMSE: 31.9093, test_MAPE: 0.1405]
2026-06-03 02:12:22,311 - easytorch-training - INFO - Checkpoint checkpoints/KASA_v2_100_v3_base_mapper_plus_prior_kan_seed4/e8933f7750d7f87c085bb283f9c53551/KASA_v2_071.pt saved
2026-06-03 02:12:22,311 - easytorch-training - INFO - The estimated training finish time is 2026-06-03 02:18:17
2026-06-03 02:12:22,311 - easytorch-training - INFO - Epoch 72 / 100
2026-06-03 02:12:32,420 - easytorch-training - INFO - Result <train>: [train_time: 10.11 (s), lr: 2.50e-04, train_MAE: 18.8631, train_RMSE: 30.5060, train_MAPE: 0.1477]
2026-06-03 02:12:32,422 - easytorch-training - INFO - Start validation.
2026-06-03 02:12:33,210 - easytorch-training - INFO - Result <val>: [val_time: 0.79 (s), val_MAE: 19.1925, val_RMSE: 29.4821, val_MAPE: 0.1383]
2026-06-03 02:12:34,335 - easytorch-training - INFO - Evaluate best model on test data for horizon 1, Test MAE: 18.8072, Test RMSE: 30.0329, Test MAPE: 0.1351
2026-06-03 02:12:34,338 - easytorch-training - INFO - Evaluate best model on test data for horizon 2, Test MAE: 18.9933, Test RMSE: 30.4795, Test MAPE: 0.1395
2026-06-03 02:12:34,340 - easytorch-training - INFO - Evaluate best model on test data for horizon 3, Test MAE: 19.4390, Test RMSE: 31.0173, Test MAPE: 0.1377
2026-06-03 02:12:34,343 - easytorch-training - INFO - Evaluate best model on test data for horizon 4, Test MAE: 19.2963, Test RMSE: 31.1834, Test MAPE: 0.1393
2026-06-03 02:12:34,346 - easytorch-training - INFO - Evaluate best model on test data for horizon 5, Test MAE: 19.4745, Test RMSE: 31.5034, Test MAPE: 0.1412
2026-06-03 02:12:34,348 - easytorch-training - INFO - Evaluate best model on test data for horizon 6, Test MAE: 19.6000, Test RMSE: 31.7544, Test MAPE: 0.1428
2026-06-03 02:12:34,351 - easytorch-training - INFO - Evaluate best model on test data for horizon 7, Test MAE: 19.8700, Test RMSE: 32.1085, Test MAPE: 0.1473
2026-06-03 02:12:34,353 - easytorch-training - INFO - Evaluate best model on test data for horizon 8, Test MAE: 19.9560, Test RMSE: 32.3134, Test MAPE: 0.1447
2026-06-03 02:12:34,356 - easytorch-training - INFO - Evaluate best model on test data for horizon 9, Test MAE: 20.1883, Test RMSE: 32.5972, Test MAPE: 0.1502
2026-06-03 02:12:34,358 - easytorch-training - INFO - Evaluate best model on test data for horizon 10, Test MAE: 20.2616, Test RMSE: 32.7953, Test MAPE: 0.1463
2026-06-03 02:12:34,361 - easytorch-training - INFO - Evaluate best model on test data for horizon 11, Test MAE: 20.5130, Test RMSE: 33.0900, Test MAPE: 0.1512
2026-06-03 02:12:34,363 - easytorch-training - INFO - Evaluate best model on test data for horizon 12, Test MAE: 20.7969, Test RMSE: 33.4615, Test MAPE: 0.1546
2026-06-03 02:12:34,456 - easytorch-training - INFO - Result <test>: [test_time: 1.24 (s), test_MAE: 19.7664, test_RMSE: 31.8775, test_MAPE: 0.1442]
2026-06-03 02:12:34,480 - easytorch-training - INFO - Checkpoint checkpoints/KASA_v2_100_v3_base_mapper_plus_prior_kan_seed4/e8933f7750d7f87c085bb283f9c53551/KASA_v2_072.pt saved
2026-06-03 02:12:34,480 - easytorch-training - INFO - The estimated training finish time is 2026-06-03 02:18:17
2026-06-03 02:12:34,480 - easytorch-training - INFO - Epoch 73 / 100
2026-06-03 02:12:44,597 - easytorch-training - INFO - Result <train>: [train_time: 10.12 (s), lr: 2.50e-04, train_MAE: 18.8769, train_RMSE: 30.5118, train_MAPE: 0.1477]
2026-06-03 02:12:44,599 - easytorch-training - INFO - Start validation.
2026-06-03 02:12:45,394 - easytorch-training - INFO - Result <val>: [val_time: 0.79 (s), val_MAE: 19.2610, val_RMSE: 29.5435, val_MAPE: 0.1343]
2026-06-03 02:12:46,520 - easytorch-training - INFO - Evaluate best model on test data for horizon 1, Test MAE: 19.0653, Test RMSE: 30.1995, Test MAPE: 0.1347
2026-06-03 02:12:46,523 - easytorch-training - INFO - Evaluate best model on test data for horizon 2, Test MAE: 19.1050, Test RMSE: 30.5645, Test MAPE: 0.1356
2026-06-03 02:12:46,525 - easytorch-training - INFO - Evaluate best model on test data for horizon 3, Test MAE: 19.7334, Test RMSE: 31.2213, Test MAPE: 0.1418
2026-06-03 02:12:46,528 - easytorch-training - INFO - Evaluate best model on test data for horizon 4, Test MAE: 19.4378, Test RMSE: 31.2639, Test MAPE: 0.1376
2026-06-03 02:12:46,530 - easytorch-training - INFO - Evaluate best model on test data for horizon 5, Test MAE: 19.5119, Test RMSE: 31.5213, Test MAPE: 0.1382
2026-06-03 02:12:46,532 - easytorch-training - INFO - Evaluate best model on test data for horizon 6, Test MAE: 19.6483, Test RMSE: 31.7832, Test MAPE: 0.1395
2026-06-03 02:12:46,535 - easytorch-training - INFO - Evaluate best model on test data for horizon 7, Test MAE: 19.8356, Test RMSE: 32.0815, Test MAPE: 0.1403
2026-06-03 02:12:46,537 - easytorch-training - INFO - Evaluate best model on test data for horizon 8, Test MAE: 19.9360, Test RMSE: 32.3182, Test MAPE: 0.1421
2026-06-03 02:12:46,540 - easytorch-training - INFO - Evaluate best model on test data for horizon 9, Test MAE: 20.1620, Test RMSE: 32.6119, Test MAPE: 0.1424
2026-06-03 02:12:46,542 - easytorch-training - INFO - Evaluate best model on test data for horizon 10, Test MAE: 20.3532, Test RMSE: 32.8712, Test MAPE: 0.1432
2026-06-03 02:12:46,544 - easytorch-training - INFO - Evaluate best model on test data for horizon 11, Test MAE: 20.5702, Test RMSE: 33.1666, Test MAPE: 0.1447
2026-06-03 02:12:46,547 - easytorch-training - INFO - Evaluate best model on test data for horizon 12, Test MAE: 20.7992, Test RMSE: 33.5210, Test MAPE: 0.1466
2026-06-03 02:12:46,640 - easytorch-training - INFO - Result <test>: [test_time: 1.24 (s), test_MAE: 19.8465, test_RMSE: 31.9421, test_MAPE: 0.1406]
2026-06-03 02:12:46,664 - easytorch-training - INFO - Checkpoint checkpoints/KASA_v2_100_v3_base_mapper_plus_prior_kan_seed4/e8933f7750d7f87c085bb283f9c53551/KASA_v2_073.pt saved
2026-06-03 02:12:46,664 - easytorch-training - INFO - The estimated training finish time is 2026-06-03 02:18:17
2026-06-03 02:12:46,664 - easytorch-training - INFO - Epoch 74 / 100
2026-06-03 02:12:56,898 - easytorch-training - INFO - Result <train>: [train_time: 10.23 (s), lr: 2.50e-04, train_MAE: 18.8439, train_RMSE: 30.4698, train_MAPE: 0.1475]
2026-06-03 02:12:56,900 - easytorch-training - INFO - Start validation.
2026-06-03 02:12:57,686 - easytorch-training - INFO - Result <val>: [val_time: 0.79 (s), val_MAE: 19.1543, val_RMSE: 29.4887, val_MAPE: 0.1360]
2026-06-03 02:12:57,733 - easytorch-training - INFO - Checkpoint checkpoints/KASA_v2_100_v3_base_mapper_plus_prior_kan_seed4/e8933f7750d7f87c085bb283f9c53551/KASA_v2_best_val_MAE.pt saved
2026-06-03 02:12:58,871 - easytorch-training - INFO - Evaluate best model on test data for horizon 1, Test MAE: 18.7822, Test RMSE: 29.9923, Test MAPE: 0.1350
2026-06-03 02:12:58,873 - easytorch-training - INFO - Evaluate best model on test data for horizon 2, Test MAE: 18.9644, Test RMSE: 30.4617, Test MAPE: 0.1375
2026-06-03 02:12:58,876 - easytorch-training - INFO - Evaluate best model on test data for horizon 3, Test MAE: 19.3623, Test RMSE: 30.9080, Test MAPE: 0.1455
2026-06-03 02:12:58,878 - easytorch-training - INFO - Evaluate best model on test data for horizon 4, Test MAE: 19.2550, Test RMSE: 31.1450, Test MAPE: 0.1379
2026-06-03 02:12:58,881 - easytorch-training - INFO - Evaluate best model on test data for horizon 5, Test MAE: 19.4075, Test RMSE: 31.4774, Test MAPE: 0.1388
2026-06-03 02:12:58,883 - easytorch-training - INFO - Evaluate best model on test data for horizon 6, Test MAE: 19.5970, Test RMSE: 31.7666, Test MAPE: 0.1421
2026-06-03 02:12:58,886 - easytorch-training - INFO - Evaluate best model on test data for horizon 7, Test MAE: 19.7236, Test RMSE: 32.0091, Test MAPE: 0.1423
2026-06-03 02:12:58,888 - easytorch-training - INFO - Evaluate best model on test data for horizon 8, Test MAE: 19.8765, Test RMSE: 32.2826, Test MAPE: 0.1410
2026-06-03 02:12:58,891 - easytorch-training - INFO - Evaluate best model on test data for horizon 9, Test MAE: 20.0526, Test RMSE: 32.5557, Test MAPE: 0.1429
2026-06-03 02:12:58,893 - easytorch-training - INFO - Evaluate best model on test data for horizon 10, Test MAE: 20.2269, Test RMSE: 32.7953, Test MAPE: 0.1459
2026-06-03 02:12:58,895 - easytorch-training - INFO - Evaluate best model on test data for horizon 11, Test MAE: 20.4521, Test RMSE: 33.0861, Test MAPE: 0.1467
2026-06-03 02:12:58,898 - easytorch-training - INFO - Evaluate best model on test data for horizon 12, Test MAE: 20.7154, Test RMSE: 33.4434, Test MAPE: 0.1459
2026-06-03 02:12:58,991 - easytorch-training - INFO - Result <test>: [test_time: 1.26 (s), test_MAE: 19.7013, test_RMSE: 31.8434, test_MAPE: 0.1418]
2026-06-03 02:12:59,015 - easytorch-training - INFO - Checkpoint checkpoints/KASA_v2_100_v3_base_mapper_plus_prior_kan_seed4/e8933f7750d7f87c085bb283f9c53551/KASA_v2_074.pt saved
2026-06-03 02:12:59,015 - easytorch-training - INFO - The estimated training finish time is 2026-06-03 02:18:17
2026-06-03 02:12:59,015 - easytorch-training - INFO - Epoch 75 / 100
2026-06-03 02:13:09,279 - easytorch-training - INFO - Result <train>: [train_time: 10.26 (s), lr: 2.50e-04, train_MAE: 18.8438, train_RMSE: 30.4659, train_MAPE: 0.1475]
2026-06-03 02:13:09,280 - easytorch-training - INFO - Start validation.
2026-06-03 02:13:10,052 - easytorch-training - INFO - Result <val>: [val_time: 0.77 (s), val_MAE: 19.1716, val_RMSE: 29.4853, val_MAPE: 0.1364]
2026-06-03 02:13:11,181 - easytorch-training - INFO - Evaluate best model on test data for horizon 1, Test MAE: 18.8078, Test RMSE: 30.0217, Test MAPE: 0.1348
2026-06-03 02:13:11,184 - easytorch-training - INFO - Evaluate best model on test data for horizon 2, Test MAE: 18.9703, Test RMSE: 30.4760, Test MAPE: 0.1362
2026-06-03 02:13:11,186 - easytorch-training - INFO - Evaluate best model on test data for horizon 3, Test MAE: 19.3963, Test RMSE: 30.9728, Test MAPE: 0.1433
2026-06-03 02:13:11,189 - easytorch-training - INFO - Evaluate best model on test data for horizon 4, Test MAE: 19.3653, Test RMSE: 31.2391, Test MAPE: 0.1415
2026-06-03 02:13:11,191 - easytorch-training - INFO - Evaluate best model on test data for horizon 5, Test MAE: 19.4610, Test RMSE: 31.4739, Test MAPE: 0.1419
2026-06-03 02:13:11,194 - easytorch-training - INFO - Evaluate best model on test data for horizon 6, Test MAE: 19.6233, Test RMSE: 31.7727, Test MAPE: 0.1401
2026-06-03 02:13:11,196 - easytorch-training - INFO - Evaluate best model on test data for horizon 7, Test MAE: 19.7706, Test RMSE: 32.0506, Test MAPE: 0.1423
2026-06-03 02:13:11,198 - easytorch-training - INFO - Evaluate best model on test data for horizon 8, Test MAE: 19.9128, Test RMSE: 32.2932, Test MAPE: 0.1430
2026-06-03 02:13:11,201 - easytorch-training - INFO - Evaluate best model on test data for horizon 9, Test MAE: 20.0782, Test RMSE: 32.5311, Test MAPE: 0.1440
2026-06-03 02:13:11,203 - easytorch-training - INFO - Evaluate best model on test data for horizon 10, Test MAE: 20.2411, Test RMSE: 32.7877, Test MAPE: 0.1440
2026-06-03 02:13:11,206 - easytorch-training - INFO - Evaluate best model on test data for horizon 11, Test MAE: 20.4250, Test RMSE: 33.0485, Test MAPE: 0.1471
2026-06-03 02:13:11,208 - easytorch-training - INFO - Evaluate best model on test data for horizon 12, Test MAE: 20.7018, Test RMSE: 33.3965, Test MAPE: 0.1518
2026-06-03 02:13:11,305 - easytorch-training - INFO - Result <test>: [test_time: 1.25 (s), test_MAE: 19.7295, test_RMSE: 31.8543, test_MAPE: 0.1425]
2026-06-03 02:13:11,328 - easytorch-training - INFO - Checkpoint checkpoints/KASA_v2_100_v3_base_mapper_plus_prior_kan_seed4/e8933f7750d7f87c085bb283f9c53551/KASA_v2_075.pt saved
2026-06-03 02:13:11,329 - easytorch-training - INFO - The estimated training finish time is 2026-06-03 02:18:17
2026-06-03 02:13:11,329 - easytorch-training - INFO - Epoch 76 / 100
2026-06-03 02:13:21,417 - easytorch-training - INFO - Result <train>: [train_time: 10.09 (s), lr: 2.50e-04, train_MAE: 18.8485, train_RMSE: 30.4592, train_MAPE: 0.1477]
2026-06-03 02:13:21,419 - easytorch-training - INFO - Start validation.
2026-06-03 02:13:22,187 - easytorch-training - INFO - Result <val>: [val_time: 0.77 (s), val_MAE: 19.2101, val_RMSE: 29.4961, val_MAPE: 0.1339]
2026-06-03 02:13:23,316 - easytorch-training - INFO - Evaluate best model on test data for horizon 1, Test MAE: 18.7971, Test RMSE: 30.0296, Test MAPE: 0.1349
2026-06-03 02:13:23,319 - easytorch-training - INFO - Evaluate best model on test data for horizon 2, Test MAE: 18.9992, Test RMSE: 30.5198, Test MAPE: 0.1353
2026-06-03 02:13:23,321 - easytorch-training - INFO - Evaluate best model on test data for horizon 3, Test MAE: 19.4781, Test RMSE: 31.1257, Test MAPE: 0.1392
2026-06-03 02:13:23,324 - easytorch-training - INFO - Evaluate best model on test data for horizon 4, Test MAE: 19.4623, Test RMSE: 31.2820, Test MAPE: 0.1376
2026-06-03 02:13:23,326 - easytorch-training - INFO - Evaluate best model on test data for horizon 5, Test MAE: 19.4514, Test RMSE: 31.4933, Test MAPE: 0.1379
2026-06-03 02:13:23,329 - easytorch-training - INFO - Evaluate best model on test data for horizon 6, Test MAE: 19.7282, Test RMSE: 31.8176, Test MAPE: 0.1390
2026-06-03 02:13:23,331 - easytorch-training - INFO - Evaluate best model on test data for horizon 7, Test MAE: 19.8150, Test RMSE: 32.0577, Test MAPE: 0.1398
2026-06-03 02:13:23,333 - easytorch-training - INFO - Evaluate best model on test data for horizon 8, Test MAE: 20.0982, Test RMSE: 32.3688, Test MAPE: 0.1412
2026-06-03 02:13:23,336 - easytorch-training - INFO - Evaluate best model on test data for horizon 9, Test MAE: 20.2971, Test RMSE: 32.6669, Test MAPE: 0.1420
2026-06-03 02:13:23,338 - easytorch-training - INFO - Evaluate best model on test data for horizon 10, Test MAE: 20.2532, Test RMSE: 32.7789, Test MAPE: 0.1441
2026-06-03 02:13:23,341 - easytorch-training - INFO - Evaluate best model on test data for horizon 11, Test MAE: 20.4696, Test RMSE: 33.0879, Test MAPE: 0.1445
2026-06-03 02:13:23,343 - easytorch-training - INFO - Evaluate best model on test data for horizon 12, Test MAE: 20.7192, Test RMSE: 33.4146, Test MAPE: 0.1457
2026-06-03 02:13:23,438 - easytorch-training - INFO - Result <test>: [test_time: 1.25 (s), test_MAE: 19.7974, test_RMSE: 31.9024, test_MAPE: 0.1401]
2026-06-03 02:13:23,461 - easytorch-training - INFO - Checkpoint checkpoints/KASA_v2_100_v3_base_mapper_plus_prior_kan_seed4/e8933f7750d7f87c085bb283f9c53551/KASA_v2_076.pt saved
2026-06-03 02:13:23,461 - easytorch-training - INFO - The estimated training finish time is 2026-06-03 02:18:17
2026-06-03 02:13:23,461 - easytorch-training - INFO - Epoch 77 / 100
2026-06-03 02:13:33,920 - easytorch-training - INFO - Result <train>: [train_time: 10.46 (s), lr: 2.50e-04, train_MAE: 18.8277, train_RMSE: 30.4285, train_MAPE: 0.1477]
2026-06-03 02:13:33,922 - easytorch-training - INFO - Start validation.
2026-06-03 02:13:34,714 - easytorch-training - INFO - Result <val>: [val_time: 0.79 (s), val_MAE: 19.1947, val_RMSE: 29.5239, val_MAPE: 0.1345]
2026-06-03 02:13:35,858 - easytorch-training - INFO - Evaluate best model on test data for horizon 1, Test MAE: 18.8169, Test RMSE: 30.0382, Test MAPE: 0.1355
2026-06-03 02:13:35,860 - easytorch-training - INFO - Evaluate best model on test data for horizon 2, Test MAE: 19.0067, Test RMSE: 30.5083, Test MAPE: 0.1359
2026-06-03 02:13:35,863 - easytorch-training - INFO - Evaluate best model on test data for horizon 3, Test MAE: 19.4932, Test RMSE: 31.0789, Test MAPE: 0.1373
2026-06-03 02:13:35,865 - easytorch-training - INFO - Evaluate best model on test data for horizon 4, Test MAE: 19.3309, Test RMSE: 31.2010, Test MAPE: 0.1391
2026-06-03 02:13:35,868 - easytorch-training - INFO - Evaluate best model on test data for horizon 5, Test MAE: 19.4357, Test RMSE: 31.4616, Test MAPE: 0.1393
2026-06-03 02:13:35,870 - easytorch-training - INFO - Evaluate best model on test data for horizon 6, Test MAE: 19.6173, Test RMSE: 31.7943, Test MAPE: 0.1409
2026-06-03 02:13:35,872 - easytorch-training - INFO - Evaluate best model on test data for horizon 7, Test MAE: 19.8082, Test RMSE: 32.0592, Test MAPE: 0.1408
2026-06-03 02:13:35,875 - easytorch-training - INFO - Evaluate best model on test data for horizon 8, Test MAE: 20.0640, Test RMSE: 32.3830, Test MAPE: 0.1412
2026-06-03 02:13:35,877 - easytorch-training - INFO - Evaluate best model on test data for horizon 9, Test MAE: 20.1826, Test RMSE: 32.6300, Test MAPE: 0.1423
2026-06-03 02:13:35,880 - easytorch-training - INFO - Evaluate best model on test data for horizon 10, Test MAE: 20.2790, Test RMSE: 32.8352, Test MAPE: 0.1447
2026-06-03 02:13:35,882 - easytorch-training - INFO - Evaluate best model on test data for horizon 11, Test MAE: 20.4519, Test RMSE: 33.1279, Test MAPE: 0.1456
2026-06-03 02:13:35,885 - easytorch-training - INFO - Evaluate best model on test data for horizon 12, Test MAE: 20.7689, Test RMSE: 33.4933, Test MAPE: 0.1472
2026-06-03 02:13:35,980 - easytorch-training - INFO - Result <test>: [test_time: 1.26 (s), test_MAE: 19.7713, test_RMSE: 31.9006, test_MAPE: 0.1408]
2026-06-03 02:13:36,004 - easytorch-training - INFO - Checkpoint checkpoints/KASA_v2_100_v3_base_mapper_plus_prior_kan_seed4/e8933f7750d7f87c085bb283f9c53551/KASA_v2_077.pt saved
2026-06-03 02:13:36,004 - easytorch-training - INFO - The estimated training finish time is 2026-06-03 02:18:18
2026-06-03 02:13:36,004 - easytorch-training - INFO - Epoch 78 / 100
2026-06-03 02:13:46,007 - easytorch-training - INFO - Result <train>: [train_time: 10.00 (s), lr: 2.50e-04, train_MAE: 18.8127, train_RMSE: 30.4078, train_MAPE: 0.1473]
2026-06-03 02:13:46,009 - easytorch-training - INFO - Start validation.
2026-06-03 02:13:46,768 - easytorch-training - INFO - Result <val>: [val_time: 0.76 (s), val_MAE: 19.0901, val_RMSE: 29.4231, val_MAPE: 0.1342]
2026-06-03 02:13:46,814 - easytorch-training - INFO - Checkpoint checkpoints/KASA_v2_100_v3_base_mapper_plus_prior_kan_seed4/e8933f7750d7f87c085bb283f9c53551/KASA_v2_best_val_MAE.pt saved
2026-06-03 02:13:47,937 - easytorch-training - INFO - Evaluate best model on test data for horizon 1, Test MAE: 18.7639, Test RMSE: 29.9626, Test MAPE: 0.1357
2026-06-03 02:13:47,940 - easytorch-training - INFO - Evaluate best model on test data for horizon 2, Test MAE: 18.9103, Test RMSE: 30.4132, Test MAPE: 0.1362
2026-06-03 02:13:47,942 - easytorch-training - INFO - Evaluate best model on test data for horizon 3, Test MAE: 19.3349, Test RMSE: 30.9568, Test MAPE: 0.1388
2026-06-03 02:13:47,944 - easytorch-training - INFO - Evaluate best model on test data for horizon 4, Test MAE: 19.3544, Test RMSE: 31.1999, Test MAPE: 0.1379
2026-06-03 02:13:47,947 - easytorch-training - INFO - Evaluate best model on test data for horizon 5, Test MAE: 19.3822, Test RMSE: 31.4198, Test MAPE: 0.1391
2026-06-03 02:13:47,949 - easytorch-training - INFO - Evaluate best model on test data for horizon 6, Test MAE: 19.5264, Test RMSE: 31.6985, Test MAPE: 0.1400
2026-06-03 02:13:47,952 - easytorch-training - INFO - Evaluate best model on test data for horizon 7, Test MAE: 19.7524, Test RMSE: 32.0078, Test MAPE: 0.1404
2026-06-03 02:13:47,954 - easytorch-training - INFO - Evaluate best model on test data for horizon 8, Test MAE: 19.8494, Test RMSE: 32.2713, Test MAPE: 0.1419
2026-06-03 02:13:47,956 - easytorch-training - INFO - Evaluate best model on test data for horizon 9, Test MAE: 20.0312, Test RMSE: 32.5639, Test MAPE: 0.1436
2026-06-03 02:13:47,959 - easytorch-training - INFO - Evaluate best model on test data for horizon 10, Test MAE: 20.1992, Test RMSE: 32.8105, Test MAPE: 0.1439
2026-06-03 02:13:47,961 - easytorch-training - INFO - Evaluate best model on test data for horizon 11, Test MAE: 20.4438, Test RMSE: 33.1442, Test MAPE: 0.1480
2026-06-03 02:13:47,964 - easytorch-training - INFO - Evaluate best model on test data for horizon 12, Test MAE: 20.6324, Test RMSE: 33.4187, Test MAPE: 0.1477
2026-06-03 02:13:48,057 - easytorch-training - INFO - Result <test>: [test_time: 1.24 (s), test_MAE: 19.6817, test_RMSE: 31.8391, test_MAPE: 0.1411]
2026-06-03 02:13:48,081 - easytorch-training - INFO - Checkpoint checkpoints/KASA_v2_100_v3_base_mapper_plus_prior_kan_seed4/e8933f7750d7f87c085bb283f9c53551/KASA_v2_078.pt saved
2026-06-03 02:13:48,081 - easytorch-training - INFO - The estimated training finish time is 2026-06-03 02:18:17
2026-06-03 02:13:48,081 - easytorch-training - INFO - Epoch 79 / 100
2026-06-03 02:13:57,628 - easytorch-training - INFO - Result <train>: [train_time: 9.55 (s), lr: 2.50e-04, train_MAE: 18.8156, train_RMSE: 30.4076, train_MAPE: 0.1474]
2026-06-03 02:13:57,629 - easytorch-training - INFO - Start validation.
2026-06-03 02:13:58,410 - easytorch-training - INFO - Result <val>: [val_time: 0.78 (s), val_MAE: 19.1380, val_RMSE: 29.4103, val_MAPE: 0.1348]
2026-06-03 02:13:59,572 - easytorch-training - INFO - Evaluate best model on test data for horizon 1, Test MAE: 18.8227, Test RMSE: 30.0079, Test MAPE: 0.1344
2026-06-03 02:13:59,575 - easytorch-training - INFO - Evaluate best model on test data for horizon 2, Test MAE: 18.9116, Test RMSE: 30.3854, Test MAPE: 0.1365
2026-06-03 02:13:59,577 - easytorch-training - INFO - Evaluate best model on test data for horizon 3, Test MAE: 19.5867, Test RMSE: 31.1359, Test MAPE: 0.1384
2026-06-03 02:13:59,580 - easytorch-training - INFO - Evaluate best model on test data for horizon 4, Test MAE: 19.3010, Test RMSE: 31.1318, Test MAPE: 0.1372
2026-06-03 02:13:59,582 - easytorch-training - INFO - Evaluate best model on test data for horizon 5, Test MAE: 19.3816, Test RMSE: 31.3812, Test MAPE: 0.1393
2026-06-03 02:13:59,585 - easytorch-training - INFO - Evaluate best model on test data for horizon 6, Test MAE: 19.5653, Test RMSE: 31.6655, Test MAPE: 0.1397
2026-06-03 02:13:59,587 - easytorch-training - INFO - Evaluate best model on test data for horizon 7, Test MAE: 19.6934, Test RMSE: 31.9361, Test MAPE: 0.1407
2026-06-03 02:13:59,590 - easytorch-training - INFO - Evaluate best model on test data for horizon 8, Test MAE: 19.8472, Test RMSE: 32.1786, Test MAPE: 0.1423
2026-06-03 02:13:59,592 - easytorch-training - INFO - Evaluate best model on test data for horizon 9, Test MAE: 20.0549, Test RMSE: 32.4737, Test MAPE: 0.1422
2026-06-03 02:13:59,594 - easytorch-training - INFO - Evaluate best model on test data for horizon 10, Test MAE: 20.1968, Test RMSE: 32.6895, Test MAPE: 0.1467
2026-06-03 02:13:59,597 - easytorch-training - INFO - Evaluate best model on test data for horizon 11, Test MAE: 20.4085, Test RMSE: 32.9941, Test MAPE: 0.1462
2026-06-03 02:13:59,599 - easytorch-training - INFO - Evaluate best model on test data for horizon 12, Test MAE: 20.7990, Test RMSE: 33.4397, Test MAPE: 0.1466
2026-06-03 02:13:59,694 - easytorch-training - INFO - Result <test>: [test_time: 1.28 (s), test_MAE: 19.7141, test_RMSE: 31.8004, test_MAPE: 0.1408]
2026-06-03 02:13:59,718 - easytorch-training - INFO - Checkpoint checkpoints/KASA_v2_100_v3_base_mapper_plus_prior_kan_seed4/e8933f7750d7f87c085bb283f9c53551/KASA_v2_079.pt saved
2026-06-03 02:13:59,718 - easytorch-training - INFO - The estimated training finish time is 2026-06-03 02:18:17
2026-06-03 02:13:59,718 - easytorch-training - INFO - Epoch 80 / 100
2026-06-03 02:14:10,144 - easytorch-training - INFO - Result <train>: [train_time: 10.43 (s), lr: 2.50e-04, train_MAE: 18.8058, train_RMSE: 30.4047, train_MAPE: 0.1474]
2026-06-03 02:14:10,146 - easytorch-training - INFO - Start validation.
2026-06-03 02:14:10,904 - easytorch-training - INFO - Result <val>: [val_time: 0.76 (s), val_MAE: 19.1143, val_RMSE: 29.4316, val_MAPE: 0.1356]
2026-06-03 02:14:12,021 - easytorch-training - INFO - Evaluate best model on test data for horizon 1, Test MAE: 18.8514, Test RMSE: 29.9858, Test MAPE: 0.1407
2026-06-03 02:14:12,023 - easytorch-training - INFO - Evaluate best model on test data for horizon 2, Test MAE: 18.9348, Test RMSE: 30.4052, Test MAPE: 0.1403
2026-06-03 02:14:12,026 - easytorch-training - INFO - Evaluate best model on test data for horizon 3, Test MAE: 19.3134, Test RMSE: 30.9033, Test MAPE: 0.1408
2026-06-03 02:14:12,028 - easytorch-training - INFO - Evaluate best model on test data for horizon 4, Test MAE: 19.2896, Test RMSE: 31.1378, Test MAPE: 0.1425
2026-06-03 02:14:12,031 - easytorch-training - INFO - Evaluate best model on test data for horizon 5, Test MAE: 19.3941, Test RMSE: 31.4210, Test MAPE: 0.1394
2026-06-03 02:14:12,033 - easytorch-training - INFO - Evaluate best model on test data for horizon 6, Test MAE: 19.5426, Test RMSE: 31.6920, Test MAPE: 0.1390
2026-06-03 02:14:12,035 - easytorch-training - INFO - Evaluate best model on test data for horizon 7, Test MAE: 19.7019, Test RMSE: 31.9508, Test MAPE: 0.1401
2026-06-03 02:14:12,038 - easytorch-training - INFO - Evaluate best model on test data for horizon 8, Test MAE: 19.8622, Test RMSE: 32.2436, Test MAPE: 0.1421
2026-06-03 02:14:12,040 - easytorch-training - INFO - Evaluate best model on test data for horizon 9, Test MAE: 20.0399, Test RMSE: 32.5056, Test MAPE: 0.1428
2026-06-03 02:14:12,043 - easytorch-training - INFO - Evaluate best model on test data for horizon 10, Test MAE: 20.1782, Test RMSE: 32.7495, Test MAPE: 0.1432
2026-06-03 02:14:12,045 - easytorch-training - INFO - Evaluate best model on test data for horizon 11, Test MAE: 20.3891, Test RMSE: 33.0442, Test MAPE: 0.1456
2026-06-03 02:14:12,048 - easytorch-training - INFO - Evaluate best model on test data for horizon 12, Test MAE: 20.6652, Test RMSE: 33.4210, Test MAPE: 0.1477
2026-06-03 02:14:12,140 - easytorch-training - INFO - Result <test>: [test_time: 1.23 (s), test_MAE: 19.6802, test_RMSE: 31.8046, test_MAPE: 0.1420]
2026-06-03 02:14:12,164 - easytorch-training - INFO - Checkpoint checkpoints/KASA_v2_100_v3_base_mapper_plus_prior_kan_seed4/e8933f7750d7f87c085bb283f9c53551/KASA_v2_080.pt saved
2026-06-03 02:14:12,177 - easytorch-training - INFO - The estimated training finish time is 2026-06-03 02:18:17
2026-06-03 02:14:12,177 - easytorch-training - INFO - Epoch 81 / 100
2026-06-03 02:14:22,133 - easytorch-training - INFO - Result <train>: [train_time: 9.96 (s), lr: 1.25e-04, train_MAE: 18.7109, train_RMSE: 30.3075, train_MAPE: 0.1461]
2026-06-03 02:14:22,135 - easytorch-training - INFO - Start validation.
2026-06-03 02:14:22,922 - easytorch-training - INFO - Result <val>: [val_time: 0.79 (s), val_MAE: 19.0552, val_RMSE: 29.3576, val_MAPE: 0.1333]
2026-06-03 02:14:22,969 - easytorch-training - INFO - Checkpoint checkpoints/KASA_v2_100_v3_base_mapper_plus_prior_kan_seed4/e8933f7750d7f87c085bb283f9c53551/KASA_v2_best_val_MAE.pt saved
2026-06-03 02:14:24,107 - easytorch-training - INFO - Evaluate best model on test data for horizon 1, Test MAE: 18.7323, Test RMSE: 29.9230, Test MAPE: 0.1335
2026-06-03 02:14:24,109 - easytorch-training - INFO - Evaluate best model on test data for horizon 2, Test MAE: 18.8729, Test RMSE: 30.3697, Test MAPE: 0.1348
2026-06-03 02:14:24,112 - easytorch-training - INFO - Evaluate best model on test data for horizon 3, Test MAE: 19.3364, Test RMSE: 30.9560, Test MAPE: 0.1375
2026-06-03 02:14:24,114 - easytorch-training - INFO - Evaluate best model on test data for horizon 4, Test MAE: 19.2160, Test RMSE: 31.1008, Test MAPE: 0.1368
2026-06-03 02:14:24,116 - easytorch-training - INFO - Evaluate best model on test data for horizon 5, Test MAE: 19.3579, Test RMSE: 31.4042, Test MAPE: 0.1378
2026-06-03 02:14:24,119 - easytorch-training - INFO - Evaluate best model on test data for horizon 6, Test MAE: 19.5112, Test RMSE: 31.6649, Test MAPE: 0.1384
2026-06-03 02:14:24,121 - easytorch-training - INFO - Evaluate best model on test data for horizon 7, Test MAE: 19.6611, Test RMSE: 31.9313, Test MAPE: 0.1406
2026-06-03 02:14:24,124 - easytorch-training - INFO - Evaluate best model on test data for horizon 8, Test MAE: 19.8168, Test RMSE: 32.2009, Test MAPE: 0.1405
2026-06-03 02:14:24,126 - easytorch-training - INFO - Evaluate best model on test data for horizon 9, Test MAE: 19.9921, Test RMSE: 32.4761, Test MAPE: 0.1420
2026-06-03 02:14:24,129 - easytorch-training - INFO - Evaluate best model on test data for horizon 10, Test MAE: 20.1355, Test RMSE: 32.7036, Test MAPE: 0.1431
2026-06-03 02:14:24,131 - easytorch-training - INFO - Evaluate best model on test data for horizon 11, Test MAE: 20.3476, Test RMSE: 32.9901, Test MAPE: 0.1441
2026-06-03 02:14:24,134 - easytorch-training - INFO - Evaluate best model on test data for horizon 12, Test MAE: 20.6051, Test RMSE: 33.3407, Test MAPE: 0.1460
2026-06-03 02:14:24,230 - easytorch-training - INFO - Result <test>: [test_time: 1.26 (s), test_MAE: 19.6321, test_RMSE: 31.7711, test_MAPE: 0.1396]
2026-06-03 02:14:24,254 - easytorch-training - INFO - Checkpoint checkpoints/KASA_v2_100_v3_base_mapper_plus_prior_kan_seed4/e8933f7750d7f87c085bb283f9c53551/KASA_v2_081.pt saved
2026-06-03 02:14:24,254 - easytorch-training - INFO - The estimated training finish time is 2026-06-03 02:18:17
2026-06-03 02:14:24,254 - easytorch-training - INFO - Epoch 82 / 100
2026-06-03 02:14:34,840 - easytorch-training - INFO - Result <train>: [train_time: 10.59 (s), lr: 1.25e-04, train_MAE: 18.7047, train_RMSE: 30.2984, train_MAPE: 0.1461]
2026-06-03 02:14:34,842 - easytorch-training - INFO - Start validation.
2026-06-03 02:14:35,608 - easytorch-training - INFO - Result <val>: [val_time: 0.77 (s), val_MAE: 19.0353, val_RMSE: 29.3253, val_MAPE: 0.1349]
2026-06-03 02:14:35,656 - easytorch-training - INFO - Checkpoint checkpoints/KASA_v2_100_v3_base_mapper_plus_prior_kan_seed4/e8933f7750d7f87c085bb283f9c53551/KASA_v2_best_val_MAE.pt saved
2026-06-03 02:14:36,816 - easytorch-training - INFO - Evaluate best model on test data for horizon 1, Test MAE: 18.7077, Test RMSE: 29.9093, Test MAPE: 0.1341
2026-06-03 02:14:36,818 - easytorch-training - INFO - Evaluate best model on test data for horizon 2, Test MAE: 18.8598, Test RMSE: 30.3496, Test MAPE: 0.1367
2026-06-03 02:14:36,820 - easytorch-training - INFO - Evaluate best model on test data for horizon 3, Test MAE: 19.4755, Test RMSE: 31.0522, Test MAPE: 0.1376
2026-06-03 02:14:36,823 - easytorch-training - INFO - Evaluate best model on test data for horizon 4, Test MAE: 19.1894, Test RMSE: 31.0493, Test MAPE: 0.1393
2026-06-03 02:14:36,825 - easytorch-training - INFO - Evaluate best model on test data for horizon 5, Test MAE: 19.3201, Test RMSE: 31.3351, Test MAPE: 0.1400
2026-06-03 02:14:36,827 - easytorch-training - INFO - Evaluate best model on test data for horizon 6, Test MAE: 19.4912, Test RMSE: 31.6138, Test MAPE: 0.1417
2026-06-03 02:14:36,829 - easytorch-training - INFO - Evaluate best model on test data for horizon 7, Test MAE: 19.6333, Test RMSE: 31.8858, Test MAPE: 0.1423
2026-06-03 02:14:36,832 - easytorch-training - INFO - Evaluate best model on test data for horizon 8, Test MAE: 19.7821, Test RMSE: 32.1536, Test MAPE: 0.1434
2026-06-03 02:14:36,834 - easytorch-training - INFO - Evaluate best model on test data for horizon 9, Test MAE: 19.9674, Test RMSE: 32.4274, Test MAPE: 0.1445
2026-06-03 02:14:36,836 - easytorch-training - INFO - Evaluate best model on test data for horizon 10, Test MAE: 20.1121, Test RMSE: 32.6580, Test MAPE: 0.1439
2026-06-03 02:14:36,838 - easytorch-training - INFO - Evaluate best model on test data for horizon 11, Test MAE: 20.3539, Test RMSE: 32.9772, Test MAPE: 0.1444
2026-06-03 02:14:36,840 - easytorch-training - INFO - Evaluate best model on test data for horizon 12, Test MAE: 20.5972, Test RMSE: 33.3223, Test MAPE: 0.1478
2026-06-03 02:14:36,929 - easytorch-training - INFO - Result <test>: [test_time: 1.27 (s), test_MAE: 19.6242, test_RMSE: 31.7435, test_MAPE: 0.1413]
2026-06-03 02:14:36,957 - easytorch-training - INFO - Checkpoint checkpoints/KASA_v2_100_v3_base_mapper_plus_prior_kan_seed4/e8933f7750d7f87c085bb283f9c53551/KASA_v2_082.pt saved
2026-06-03 02:14:36,957 - easytorch-training - INFO - The estimated training finish time is 2026-06-03 02:18:17
2026-06-03 02:14:36,957 - easytorch-training - INFO - Epoch 83 / 100
2026-06-03 02:14:47,082 - easytorch-training - INFO - Result <train>: [train_time: 10.12 (s), lr: 1.25e-04, train_MAE: 18.6966, train_RMSE: 30.2805, train_MAPE: 0.1458]
2026-06-03 02:14:47,084 - easytorch-training - INFO - Start validation.
2026-06-03 02:14:47,864 - easytorch-training - INFO - Result <val>: [val_time: 0.78 (s), val_MAE: 19.0454, val_RMSE: 29.3471, val_MAPE: 0.1346]
2026-06-03 02:14:49,050 - easytorch-training - INFO - Evaluate best model on test data for horizon 1, Test MAE: 18.7066, Test RMSE: 29.8759, Test MAPE: 0.1349
2026-06-03 02:14:49,052 - easytorch-training - INFO - Evaluate best model on test data for horizon 2, Test MAE: 18.8751, Test RMSE: 30.3511, Test MAPE: 0.1358
2026-06-03 02:14:49,054 - easytorch-training - INFO - Evaluate best model on test data for horizon 3, Test MAE: 19.2887, Test RMSE: 30.8239, Test MAPE: 0.1437
2026-06-03 02:14:49,057 - easytorch-training - INFO - Evaluate best model on test data for horizon 4, Test MAE: 19.2293, Test RMSE: 31.0708, Test MAPE: 0.1397
2026-06-03 02:14:49,059 - easytorch-training - INFO - Evaluate best model on test data for horizon 5, Test MAE: 19.3562, Test RMSE: 31.3656, Test MAPE: 0.1393
2026-06-03 02:14:49,061 - easytorch-training - INFO - Evaluate best model on test data for horizon 6, Test MAE: 19.4994, Test RMSE: 31.6332, Test MAPE: 0.1393
2026-06-03 02:14:49,063 - easytorch-training - INFO - Evaluate best model on test data for horizon 7, Test MAE: 19.6700, Test RMSE: 31.9224, Test MAPE: 0.1393
2026-06-03 02:14:49,066 - easytorch-training - INFO - Evaluate best model on test data for horizon 8, Test MAE: 19.8182, Test RMSE: 32.1718, Test MAPE: 0.1420
2026-06-03 02:14:49,075 - easytorch-training - INFO - Evaluate best model on test data for horizon 9, Test MAE: 20.0079, Test RMSE: 32.4659, Test MAPE: 0.1413
2026-06-03 02:14:49,078 - easytorch-training - INFO - Evaluate best model on test data for horizon 10, Test MAE: 20.1670, Test RMSE: 32.6893, Test MAPE: 0.1448
2026-06-03 02:14:49,080 - easytorch-training - INFO - Evaluate best model on test data for horizon 11, Test MAE: 20.3547, Test RMSE: 32.9581, Test MAPE: 0.1437
2026-06-03 02:14:49,083 - easytorch-training - INFO - Evaluate best model on test data for horizon 12, Test MAE: 20.6116, Test RMSE: 33.3118, Test MAPE: 0.1467
2026-06-03 02:14:49,180 - easytorch-training - INFO - Result <test>: [test_time: 1.31 (s), test_MAE: 19.6321, test_RMSE: 31.7364, test_MAPE: 0.1409]
2026-06-03 02:14:49,204 - easytorch-training - INFO - Checkpoint checkpoints/KASA_v2_100_v3_base_mapper_plus_prior_kan_seed4/e8933f7750d7f87c085bb283f9c53551/KASA_v2_083.pt saved
2026-06-03 02:14:49,204 - easytorch-training - INFO - The estimated training finish time is 2026-06-03 02:18:17
2026-06-03 02:14:49,204 - easytorch-training - INFO - Epoch 84 / 100
2026-06-03 02:14:59,340 - easytorch-training - INFO - Result <train>: [train_time: 10.14 (s), lr: 1.25e-04, train_MAE: 18.6918, train_RMSE: 30.2793, train_MAPE: 0.1460]
2026-06-03 02:14:59,342 - easytorch-training - INFO - Start validation.
2026-06-03 02:15:00,109 - easytorch-training - INFO - Result <val>: [val_time: 0.77 (s), val_MAE: 19.0272, val_RMSE: 29.3274, val_MAPE: 0.1336]
2026-06-03 02:15:00,151 - easytorch-training - INFO - Checkpoint checkpoints/KASA_v2_100_v3_base_mapper_plus_prior_kan_seed4/e8933f7750d7f87c085bb283f9c53551/KASA_v2_best_val_MAE.pt saved
2026-06-03 02:15:01,274 - easytorch-training - INFO - Evaluate best model on test data for horizon 1, Test MAE: 18.7042, Test RMSE: 29.8947, Test MAPE: 0.1346
2026-06-03 02:15:01,277 - easytorch-training - INFO - Evaluate best model on test data for horizon 2, Test MAE: 18.8529, Test RMSE: 30.3463, Test MAPE: 0.1351
2026-06-03 02:15:01,279 - easytorch-training - INFO - Evaluate best model on test data for horizon 3, Test MAE: 19.2583, Test RMSE: 30.8528, Test MAPE: 0.1374
2026-06-03 02:15:01,281 - easytorch-training - INFO - Evaluate best model on test data for horizon 4, Test MAE: 19.1974, Test RMSE: 31.0631, Test MAPE: 0.1378
2026-06-03 02:15:01,284 - easytorch-training - INFO - Evaluate best model on test data for horizon 5, Test MAE: 19.3250, Test RMSE: 31.3557, Test MAPE: 0.1392
2026-06-03 02:15:01,286 - easytorch-training - INFO - Evaluate best model on test data for horizon 6, Test MAE: 19.5388, Test RMSE: 31.6439, Test MAPE: 0.1386
2026-06-03 02:15:01,289 - easytorch-training - INFO - Evaluate best model on test data for horizon 7, Test MAE: 19.6172, Test RMSE: 31.8824, Test MAPE: 0.1405
2026-06-03 02:15:01,291 - easytorch-training - INFO - Evaluate best model on test data for horizon 8, Test MAE: 19.7834, Test RMSE: 32.1401, Test MAPE: 0.1408
2026-06-03 02:15:01,294 - easytorch-training - INFO - Evaluate best model on test data for horizon 9, Test MAE: 19.9458, Test RMSE: 32.4043, Test MAPE: 0.1421
2026-06-03 02:15:01,296 - easytorch-training - INFO - Evaluate best model on test data for horizon 10, Test MAE: 20.1392, Test RMSE: 32.6574, Test MAPE: 0.1427
2026-06-03 02:15:01,298 - easytorch-training - INFO - Evaluate best model on test data for horizon 11, Test MAE: 20.3144, Test RMSE: 32.9440, Test MAPE: 0.1448
2026-06-03 02:15:01,301 - easytorch-training - INFO - Evaluate best model on test data for horizon 12, Test MAE: 20.5511, Test RMSE: 33.2500, Test MAPE: 0.1474
2026-06-03 02:15:01,396 - easytorch-training - INFO - Result <test>: [test_time: 1.24 (s), test_MAE: 19.6023, test_RMSE: 31.7186, test_MAPE: 0.1401]
2026-06-03 02:15:01,419 - easytorch-training - INFO - Checkpoint checkpoints/KASA_v2_100_v3_base_mapper_plus_prior_kan_seed4/e8933f7750d7f87c085bb283f9c53551/KASA_v2_084.pt saved
2026-06-03 02:15:01,420 - easytorch-training - INFO - The estimated training finish time is 2026-06-03 02:18:17
2026-06-03 02:15:01,420 - easytorch-training - INFO - Epoch 85 / 100
2026-06-03 02:15:11,548 - easytorch-training - INFO - Result <train>: [train_time: 10.13 (s), lr: 1.25e-04, train_MAE: 18.6744, train_RMSE: 30.2589, train_MAPE: 0.1461]
2026-06-03 02:15:11,549 - easytorch-training - INFO - Start validation.
2026-06-03 02:15:12,343 - easytorch-training - INFO - Result <val>: [val_time: 0.79 (s), val_MAE: 19.0498, val_RMSE: 29.3502, val_MAPE: 0.1325]
2026-06-03 02:15:13,480 - easytorch-training - INFO - Evaluate best model on test data for horizon 1, Test MAE: 18.7726, Test RMSE: 29.9312, Test MAPE: 0.1333
2026-06-03 02:15:13,483 - easytorch-training - INFO - Evaluate best model on test data for horizon 2, Test MAE: 18.9178, Test RMSE: 30.3735, Test MAPE: 0.1345
2026-06-03 02:15:13,485 - easytorch-training - INFO - Evaluate best model on test data for horizon 3, Test MAE: 19.3189, Test RMSE: 30.8902, Test MAPE: 0.1369
2026-06-03 02:15:13,487 - easytorch-training - INFO - Evaluate best model on test data for horizon 4, Test MAE: 19.1929, Test RMSE: 31.0613, Test MAPE: 0.1364
2026-06-03 02:15:13,490 - easytorch-training - INFO - Evaluate best model on test data for horizon 5, Test MAE: 19.3636, Test RMSE: 31.3534, Test MAPE: 0.1372
2026-06-03 02:15:13,492 - easytorch-training - INFO - Evaluate best model on test data for horizon 6, Test MAE: 19.4701, Test RMSE: 31.5986, Test MAPE: 0.1381
2026-06-03 02:15:13,495 - easytorch-training - INFO - Evaluate best model on test data for horizon 7, Test MAE: 19.6985, Test RMSE: 31.9295, Test MAPE: 0.1391
2026-06-03 02:15:13,497 - easytorch-training - INFO - Evaluate best model on test data for horizon 8, Test MAE: 19.7827, Test RMSE: 32.1503, Test MAPE: 0.1401
2026-06-03 02:15:13,500 - easytorch-training - INFO - Evaluate best model on test data for horizon 9, Test MAE: 19.9757, Test RMSE: 32.4200, Test MAPE: 0.1409
2026-06-03 02:15:13,502 - easytorch-training - INFO - Evaluate best model on test data for horizon 10, Test MAE: 20.1558, Test RMSE: 32.6661, Test MAPE: 0.1419
2026-06-03 02:15:13,504 - easytorch-training - INFO - Evaluate best model on test data for horizon 11, Test MAE: 20.3326, Test RMSE: 32.9432, Test MAPE: 0.1433
2026-06-03 02:15:13,507 - easytorch-training - INFO - Evaluate best model on test data for horizon 12, Test MAE: 20.5761, Test RMSE: 33.2879, Test MAPE: 0.1452
2026-06-03 02:15:13,603 - easytorch-training - INFO - Result <test>: [test_time: 1.26 (s), test_MAE: 19.6298, test_RMSE: 31.7327, test_MAPE: 0.1389]
2026-06-03 02:15:13,626 - easytorch-training - INFO - Checkpoint checkpoints/KASA_v2_100_v3_base_mapper_plus_prior_kan_seed4/e8933f7750d7f87c085bb283f9c53551/KASA_v2_085.pt saved
2026-06-03 02:15:13,626 - easytorch-training - INFO - The estimated training finish time is 2026-06-03 02:18:17
2026-06-03 02:15:13,626 - easytorch-training - INFO - Epoch 86 / 100
2026-06-03 02:15:23,761 - easytorch-training - INFO - Result <train>: [train_time: 10.13 (s), lr: 1.25e-04, train_MAE: 18.6782, train_RMSE: 30.2648, train_MAPE: 0.1458]
2026-06-03 02:15:23,763 - easytorch-training - INFO - Start validation.
2026-06-03 02:15:24,534 - easytorch-training - INFO - Result <val>: [val_time: 0.77 (s), val_MAE: 19.0196, val_RMSE: 29.2982, val_MAPE: 0.1338]
2026-06-03 02:15:24,576 - easytorch-training - INFO - Checkpoint checkpoints/KASA_v2_100_v3_base_mapper_plus_prior_kan_seed4/e8933f7750d7f87c085bb283f9c53551/KASA_v2_best_val_MAE.pt saved
2026-06-03 02:15:25,711 - easytorch-training - INFO - Evaluate best model on test data for horizon 1, Test MAE: 18.7039, Test RMSE: 29.8778, Test MAPE: 0.1335
2026-06-03 02:15:25,714 - easytorch-training - INFO - Evaluate best model on test data for horizon 2, Test MAE: 18.8804, Test RMSE: 30.3510, Test MAPE: 0.1342
2026-06-03 02:15:25,717 - easytorch-training - INFO - Evaluate best model on test data for horizon 3, Test MAE: 19.2603, Test RMSE: 30.8268, Test MAPE: 0.1386
2026-06-03 02:15:25,719 - easytorch-training - INFO - Evaluate best model on test data for horizon 4, Test MAE: 19.2146, Test RMSE: 31.0682, Test MAPE: 0.1369
2026-06-03 02:15:25,721 - easytorch-training - INFO - Evaluate best model on test data for horizon 5, Test MAE: 19.3412, Test RMSE: 31.3459, Test MAPE: 0.1379
2026-06-03 02:15:25,724 - easytorch-training - INFO - Evaluate best model on test data for horizon 6, Test MAE: 19.4921, Test RMSE: 31.6088, Test MAPE: 0.1398
2026-06-03 02:15:25,726 - easytorch-training - INFO - Evaluate best model on test data for horizon 7, Test MAE: 19.6399, Test RMSE: 31.8725, Test MAPE: 0.1404
2026-06-03 02:15:25,729 - easytorch-training - INFO - Evaluate best model on test data for horizon 8, Test MAE: 19.7920, Test RMSE: 32.1261, Test MAPE: 0.1409
2026-06-03 02:15:25,731 - easytorch-training - INFO - Evaluate best model on test data for horizon 9, Test MAE: 19.9645, Test RMSE: 32.4090, Test MAPE: 0.1424
2026-06-03 02:15:25,734 - easytorch-training - INFO - Evaluate best model on test data for horizon 10, Test MAE: 20.1341, Test RMSE: 32.6640, Test MAPE: 0.1423
2026-06-03 02:15:25,736 - easytorch-training - INFO - Evaluate best model on test data for horizon 11, Test MAE: 20.3578, Test RMSE: 32.9561, Test MAPE: 0.1467
2026-06-03 02:15:25,738 - easytorch-training - INFO - Evaluate best model on test data for horizon 12, Test MAE: 20.6124, Test RMSE: 33.2880, Test MAPE: 0.1485
2026-06-03 02:15:25,835 - easytorch-training - INFO - Result <test>: [test_time: 1.26 (s), test_MAE: 19.6161, test_RMSE: 31.7155, test_MAPE: 0.1402]
2026-06-03 02:15:25,860 - easytorch-training - INFO - Checkpoint checkpoints/KASA_v2_100_v3_base_mapper_plus_prior_kan_seed4/e8933f7750d7f87c085bb283f9c53551/KASA_v2_086.pt saved
2026-06-03 02:15:25,860 - easytorch-training - INFO - The estimated training finish time is 2026-06-03 02:18:17
2026-06-03 02:15:25,860 - easytorch-training - INFO - Epoch 87 / 100
2026-06-03 02:15:35,406 - easytorch-training - INFO - Result <train>: [train_time: 9.55 (s), lr: 1.25e-04, train_MAE: 18.6855, train_RMSE: 30.2520, train_MAPE: 0.1459]
2026-06-03 02:15:35,408 - easytorch-training - INFO - Start validation.
2026-06-03 02:15:36,184 - easytorch-training - INFO - Result <val>: [val_time: 0.78 (s), val_MAE: 19.0145, val_RMSE: 29.3097, val_MAPE: 0.1356]
2026-06-03 02:15:36,233 - easytorch-training - INFO - Checkpoint checkpoints/KASA_v2_100_v3_base_mapper_plus_prior_kan_seed4/e8933f7750d7f87c085bb283f9c53551/KASA_v2_best_val_MAE.pt saved
2026-06-03 02:15:37,344 - easytorch-training - INFO - Evaluate best model on test data for horizon 1, Test MAE: 18.7869, Test RMSE: 29.9523, Test MAPE: 0.1331
2026-06-03 02:15:37,347 - easytorch-training - INFO - Evaluate best model on test data for horizon 2, Test MAE: 18.8575, Test RMSE: 30.3242, Test MAPE: 0.1373
2026-06-03 02:15:37,349 - easytorch-training - INFO - Evaluate best model on test data for horizon 3, Test MAE: 19.2604, Test RMSE: 30.8044, Test MAPE: 0.1454
2026-06-03 02:15:37,351 - easytorch-training - INFO - Evaluate best model on test data for horizon 4, Test MAE: 19.1854, Test RMSE: 31.0705, Test MAPE: 0.1398
2026-06-03 02:15:37,354 - easytorch-training - INFO - Evaluate best model on test data for horizon 5, Test MAE: 19.3717, Test RMSE: 31.3697, Test MAPE: 0.1431
2026-06-03 02:15:37,356 - easytorch-training - INFO - Evaluate best model on test data for horizon 6, Test MAE: 19.4664, Test RMSE: 31.6201, Test MAPE: 0.1392
2026-06-03 02:15:37,359 - easytorch-training - INFO - Evaluate best model on test data for horizon 7, Test MAE: 19.6389, Test RMSE: 31.9082, Test MAPE: 0.1418
2026-06-03 02:15:37,361 - easytorch-training - INFO - Evaluate best model on test data for horizon 8, Test MAE: 19.7664, Test RMSE: 32.1727, Test MAPE: 0.1415
2026-06-03 02:15:37,364 - easytorch-training - INFO - Evaluate best model on test data for horizon 9, Test MAE: 19.9636, Test RMSE: 32.4445, Test MAPE: 0.1426
2026-06-03 02:15:37,366 - easytorch-training - INFO - Evaluate best model on test data for horizon 10, Test MAE: 20.1340, Test RMSE: 32.7064, Test MAPE: 0.1452
2026-06-03 02:15:37,368 - easytorch-training - INFO - Evaluate best model on test data for horizon 11, Test MAE: 20.3407, Test RMSE: 32.9992, Test MAPE: 0.1449
2026-06-03 02:15:37,371 - easytorch-training - INFO - Evaluate best model on test data for horizon 12, Test MAE: 20.6235, Test RMSE: 33.3566, Test MAPE: 0.1476
2026-06-03 02:15:37,465 - easytorch-training - INFO - Result <test>: [test_time: 1.23 (s), test_MAE: 19.6163, test_RMSE: 31.7439, test_MAPE: 0.1418]
2026-06-03 02:15:37,489 - easytorch-training - INFO - Checkpoint checkpoints/KASA_v2_100_v3_base_mapper_plus_prior_kan_seed4/e8933f7750d7f87c085bb283f9c53551/KASA_v2_087.pt saved
2026-06-03 02:15:37,489 - easytorch-training - INFO - The estimated training finish time is 2026-06-03 02:18:16
2026-06-03 02:15:37,489 - easytorch-training - INFO - Epoch 88 / 100
2026-06-03 02:15:47,338 - easytorch-training - INFO - Result <train>: [train_time: 9.85 (s), lr: 1.25e-04, train_MAE: 18.6747, train_RMSE: 30.2447, train_MAPE: 0.1459]
2026-06-03 02:15:47,340 - easytorch-training - INFO - Start validation.
2026-06-03 02:15:48,119 - easytorch-training - INFO - Result <val>: [val_time: 0.78 (s), val_MAE: 19.0072, val_RMSE: 29.3273, val_MAPE: 0.1331]
2026-06-03 02:15:48,145 - easytorch-training - INFO - Checkpoint checkpoints/KASA_v2_100_v3_base_mapper_plus_prior_kan_seed4/e8933f7750d7f87c085bb283f9c53551/KASA_v2_best_val_MAE.pt saved
2026-06-03 02:15:49,304 - easytorch-training - INFO - Evaluate best model on test data for horizon 1, Test MAE: 18.6712, Test RMSE: 29.8504, Test MAPE: 0.1337
2026-06-03 02:15:49,307 - easytorch-training - INFO - Evaluate best model on test data for horizon 2, Test MAE: 18.8270, Test RMSE: 30.3188, Test MAPE: 0.1350
2026-06-03 02:15:49,309 - easytorch-training - INFO - Evaluate best model on test data for horizon 3, Test MAE: 19.1965, Test RMSE: 30.7719, Test MAPE: 0.1393
2026-06-03 02:15:49,312 - easytorch-training - INFO - Evaluate best model on test data for horizon 4, Test MAE: 19.1503, Test RMSE: 31.0263, Test MAPE: 0.1374
2026-06-03 02:15:49,314 - easytorch-training - INFO - Evaluate best model on test data for horizon 5, Test MAE: 19.3093, Test RMSE: 31.3247, Test MAPE: 0.1373
2026-06-03 02:15:49,317 - easytorch-training - INFO - Evaluate best model on test data for horizon 6, Test MAE: 19.4282, Test RMSE: 31.5888, Test MAPE: 0.1386
2026-06-03 02:15:49,319 - easytorch-training - INFO - Evaluate best model on test data for horizon 7, Test MAE: 19.6150, Test RMSE: 31.8970, Test MAPE: 0.1389
2026-06-03 02:15:49,322 - easytorch-training - INFO - Evaluate best model on test data for horizon 8, Test MAE: 19.7552, Test RMSE: 32.1486, Test MAPE: 0.1415
2026-06-03 02:15:49,324 - easytorch-training - INFO - Evaluate best model on test data for horizon 9, Test MAE: 19.9673, Test RMSE: 32.4215, Test MAPE: 0.1405
2026-06-03 02:15:49,326 - easytorch-training - INFO - Evaluate best model on test data for horizon 10, Test MAE: 20.0924, Test RMSE: 32.6465, Test MAPE: 0.1420
2026-06-03 02:15:49,329 - easytorch-training - INFO - Evaluate best model on test data for horizon 11, Test MAE: 20.2875, Test RMSE: 32.9530, Test MAPE: 0.1450
2026-06-03 02:15:49,331 - easytorch-training - INFO - Evaluate best model on test data for horizon 12, Test MAE: 20.5721, Test RMSE: 33.2981, Test MAPE: 0.1452
2026-06-03 02:15:49,419 - easytorch-training - INFO - Result <test>: [test_time: 1.27 (s), test_MAE: 19.5727, test_RMSE: 31.7037, test_MAPE: 0.1395]
2026-06-03 02:15:49,442 - easytorch-training - INFO - Checkpoint checkpoints/KASA_v2_100_v3_base_mapper_plus_prior_kan_seed4/e8933f7750d7f87c085bb283f9c53551/KASA_v2_088.pt saved
2026-06-03 02:15:49,442 - easytorch-training - INFO - The estimated training finish time is 2026-06-03 02:18:16
2026-06-03 02:15:49,442 - easytorch-training - INFO - Epoch 89 / 100
2026-06-03 02:15:59,497 - easytorch-training - INFO - Result <train>: [train_time: 10.05 (s), lr: 1.25e-04, train_MAE: 18.6661, train_RMSE: 30.2268, train_MAPE: 0.1459]
2026-06-03 02:15:59,498 - easytorch-training - INFO - Start validation.
2026-06-03 02:16:00,267 - easytorch-training - INFO - Result <val>: [val_time: 0.77 (s), val_MAE: 19.1149, val_RMSE: 29.3942, val_MAPE: 0.1357]
2026-06-03 02:16:01,430 - easytorch-training - INFO - Evaluate best model on test data for horizon 1, Test MAE: 18.7763, Test RMSE: 29.9372, Test MAPE: 0.1358
2026-06-03 02:16:01,432 - easytorch-training - INFO - Evaluate best model on test data for horizon 2, Test MAE: 18.9560, Test RMSE: 30.3753, Test MAPE: 0.1399
2026-06-03 02:16:01,435 - easytorch-training - INFO - Evaluate best model on test data for horizon 3, Test MAE: 19.5396, Test RMSE: 31.1488, Test MAPE: 0.1388
2026-06-03 02:16:01,437 - easytorch-training - INFO - Evaluate best model on test data for horizon 4, Test MAE: 19.2759, Test RMSE: 31.0932, Test MAPE: 0.1401
2026-06-03 02:16:01,440 - easytorch-training - INFO - Evaluate best model on test data for horizon 5, Test MAE: 19.4121, Test RMSE: 31.3710, Test MAPE: 0.1422
2026-06-03 02:16:01,442 - easytorch-training - INFO - Evaluate best model on test data for horizon 6, Test MAE: 19.5273, Test RMSE: 31.6427, Test MAPE: 0.1405
2026-06-03 02:16:01,444 - easytorch-training - INFO - Evaluate best model on test data for horizon 7, Test MAE: 19.6875, Test RMSE: 31.9210, Test MAPE: 0.1416
2026-06-03 02:16:01,447 - easytorch-training - INFO - Evaluate best model on test data for horizon 8, Test MAE: 19.8511, Test RMSE: 32.1739, Test MAPE: 0.1448
2026-06-03 02:16:01,449 - easytorch-training - INFO - Evaluate best model on test data for horizon 9, Test MAE: 20.0177, Test RMSE: 32.4661, Test MAPE: 0.1424
2026-06-03 02:16:01,452 - easytorch-training - INFO - Evaluate best model on test data for horizon 10, Test MAE: 20.1622, Test RMSE: 32.6820, Test MAPE: 0.1430
2026-06-03 02:16:01,454 - easytorch-training - INFO - Evaluate best model on test data for horizon 11, Test MAE: 20.3897, Test RMSE: 32.9856, Test MAPE: 0.1451
2026-06-03 02:16:01,457 - easytorch-training - INFO - Evaluate best model on test data for horizon 12, Test MAE: 20.6194, Test RMSE: 33.2851, Test MAPE: 0.1487
2026-06-03 02:16:01,551 - easytorch-training - INFO - Result <test>: [test_time: 1.28 (s), test_MAE: 19.6846, test_RMSE: 31.7721, test_MAPE: 0.1419]
2026-06-03 02:16:01,575 - easytorch-training - INFO - Checkpoint checkpoints/KASA_v2_100_v3_base_mapper_plus_prior_kan_seed4/e8933f7750d7f87c085bb283f9c53551/KASA_v2_089.pt saved
2026-06-03 02:16:01,575 - easytorch-training - INFO - The estimated training finish time is 2026-06-03 02:18:16
2026-06-03 02:16:01,575 - easytorch-training - INFO - Epoch 90 / 100
2026-06-03 02:16:11,540 - easytorch-training - INFO - Result <train>: [train_time: 9.96 (s), lr: 1.25e-04, train_MAE: 18.6581, train_RMSE: 30.2326, train_MAPE: 0.1458]
2026-06-03 02:16:11,542 - easytorch-training - INFO - Start validation.
2026-06-03 02:16:12,305 - easytorch-training - INFO - Result <val>: [val_time: 0.76 (s), val_MAE: 19.0563, val_RMSE: 29.3620, val_MAPE: 0.1328]
2026-06-03 02:16:13,424 - easytorch-training - INFO - Evaluate best model on test data for horizon 1, Test MAE: 18.6914, Test RMSE: 29.8940, Test MAPE: 0.1347
2026-06-03 02:16:13,426 - easytorch-training - INFO - Evaluate best model on test data for horizon 2, Test MAE: 18.8523, Test RMSE: 30.3433, Test MAPE: 0.1345
2026-06-03 02:16:13,429 - easytorch-training - INFO - Evaluate best model on test data for horizon 3, Test MAE: 19.3187, Test RMSE: 30.8952, Test MAPE: 0.1366
2026-06-03 02:16:13,431 - easytorch-training - INFO - Evaluate best model on test data for horizon 4, Test MAE: 19.1888, Test RMSE: 31.0499, Test MAPE: 0.1363
2026-06-03 02:16:13,434 - easytorch-training - INFO - Evaluate best model on test data for horizon 5, Test MAE: 19.2979, Test RMSE: 31.3255, Test MAPE: 0.1373
2026-06-03 02:16:13,436 - easytorch-training - INFO - Evaluate best model on test data for horizon 6, Test MAE: 19.4697, Test RMSE: 31.6106, Test MAPE: 0.1381
2026-06-03 02:16:13,439 - easytorch-training - INFO - Evaluate best model on test data for horizon 7, Test MAE: 19.6018, Test RMSE: 31.8809, Test MAPE: 0.1394
2026-06-03 02:16:13,441 - easytorch-training - INFO - Evaluate best model on test data for horizon 8, Test MAE: 19.7775, Test RMSE: 32.1408, Test MAPE: 0.1400
2026-06-03 02:16:13,443 - easytorch-training - INFO - Evaluate best model on test data for horizon 9, Test MAE: 19.9418, Test RMSE: 32.4181, Test MAPE: 0.1413
2026-06-03 02:16:13,446 - easytorch-training - INFO - Evaluate best model on test data for horizon 10, Test MAE: 20.1484, Test RMSE: 32.6728, Test MAPE: 0.1419
2026-06-03 02:16:13,448 - easytorch-training - INFO - Evaluate best model on test data for horizon 11, Test MAE: 20.3210, Test RMSE: 32.9619, Test MAPE: 0.1434
2026-06-03 02:16:13,451 - easytorch-training - INFO - Evaluate best model on test data for horizon 12, Test MAE: 20.5989, Test RMSE: 33.3081, Test MAPE: 0.1451
2026-06-03 02:16:13,545 - easytorch-training - INFO - Result <test>: [test_time: 1.24 (s), test_MAE: 19.6007, test_RMSE: 31.7245, test_MAPE: 0.1390]
2026-06-03 02:16:13,568 - easytorch-training - INFO - Checkpoint checkpoints/KASA_v2_100_v3_base_mapper_plus_prior_kan_seed4/e8933f7750d7f87c085bb283f9c53551/KASA_v2_090.pt saved
2026-06-03 02:16:13,582 - easytorch-training - INFO - The estimated training finish time is 2026-06-03 02:18:16
2026-06-03 02:16:13,582 - easytorch-training - INFO - Epoch 91 / 100
2026-06-03 02:16:23,648 - easytorch-training - INFO - Result <train>: [train_time: 10.07 (s), lr: 1.25e-04, train_MAE: 18.6426, train_RMSE: 30.1955, train_MAPE: 0.1458]
2026-06-03 02:16:23,650 - easytorch-training - INFO - Start validation.
2026-06-03 02:16:24,456 - easytorch-training - INFO - Result <val>: [val_time: 0.81 (s), val_MAE: 19.0984, val_RMSE: 29.3767, val_MAPE: 0.1333]
2026-06-03 02:16:25,606 - easytorch-training - INFO - Evaluate best model on test data for horizon 1, Test MAE: 18.7576, Test RMSE: 29.9332, Test MAPE: 0.1344
2026-06-03 02:16:25,608 - easytorch-training - INFO - Evaluate best model on test data for horizon 2, Test MAE: 18.8980, Test RMSE: 30.3595, Test MAPE: 0.1357
2026-06-03 02:16:25,611 - easytorch-training - INFO - Evaluate best model on test data for horizon 3, Test MAE: 19.4898, Test RMSE: 31.0532, Test MAPE: 0.1375
2026-06-03 02:16:25,613 - easytorch-training - INFO - Evaluate best model on test data for horizon 4, Test MAE: 19.2207, Test RMSE: 31.0741, Test MAPE: 0.1372
2026-06-03 02:16:25,616 - easytorch-training - INFO - Evaluate best model on test data for horizon 5, Test MAE: 19.3658, Test RMSE: 31.3714, Test MAPE: 0.1388
2026-06-03 02:16:25,618 - easytorch-training - INFO - Evaluate best model on test data for horizon 6, Test MAE: 19.5251, Test RMSE: 31.6396, Test MAPE: 0.1395
2026-06-03 02:16:25,620 - easytorch-training - INFO - Evaluate best model on test data for horizon 7, Test MAE: 19.7037, Test RMSE: 31.9298, Test MAPE: 0.1394
2026-06-03 02:16:25,623 - easytorch-training - INFO - Evaluate best model on test data for horizon 8, Test MAE: 19.8220, Test RMSE: 32.1638, Test MAPE: 0.1415
2026-06-03 02:16:25,625 - easytorch-training - INFO - Evaluate best model on test data for horizon 9, Test MAE: 20.0580, Test RMSE: 32.4890, Test MAPE: 0.1413
2026-06-03 02:16:25,628 - easytorch-training - INFO - Evaluate best model on test data for horizon 10, Test MAE: 20.1660, Test RMSE: 32.7080, Test MAPE: 0.1426
2026-06-03 02:16:25,630 - easytorch-training - INFO - Evaluate best model on test data for horizon 11, Test MAE: 20.3996, Test RMSE: 33.0095, Test MAPE: 0.1435
2026-06-03 02:16:25,632 - easytorch-training - INFO - Evaluate best model on test data for horizon 12, Test MAE: 20.6482, Test RMSE: 33.3482, Test MAPE: 0.1460
2026-06-03 02:16:25,729 - easytorch-training - INFO - Result <test>: [test_time: 1.27 (s), test_MAE: 19.6712, test_RMSE: 31.7725, test_MAPE: 0.1398]
2026-06-03 02:16:25,752 - easytorch-training - INFO - Checkpoint checkpoints/KASA_v2_100_v3_base_mapper_plus_prior_kan_seed4/e8933f7750d7f87c085bb283f9c53551/KASA_v2_091.pt saved
2026-06-03 02:16:25,753 - easytorch-training - INFO - The estimated training finish time is 2026-06-03 02:18:15
2026-06-03 02:16:25,753 - easytorch-training - INFO - Epoch 92 / 100
2026-06-03 02:16:35,670 - easytorch-training - INFO - Result <train>: [train_time: 9.92 (s), lr: 1.25e-04, train_MAE: 18.6588, train_RMSE: 30.2246, train_MAPE: 0.1456]
2026-06-03 02:16:35,672 - easytorch-training - INFO - Start validation.
2026-06-03 02:16:36,426 - easytorch-training - INFO - Result <val>: [val_time: 0.75 (s), val_MAE: 19.0492, val_RMSE: 29.3218, val_MAPE: 0.1332]
2026-06-03 02:16:37,550 - easytorch-training - INFO - Evaluate best model on test data for horizon 1, Test MAE: 18.7030, Test RMSE: 29.8780, Test MAPE: 0.1339
2026-06-03 02:16:37,553 - easytorch-training - INFO - Evaluate best model on test data for horizon 2, Test MAE: 18.8644, Test RMSE: 30.3341, Test MAPE: 0.1371
2026-06-03 02:16:37,556 - easytorch-training - INFO - Evaluate best model on test data for horizon 3, Test MAE: 19.5299, Test RMSE: 31.0525, Test MAPE: 0.1381
2026-06-03 02:16:37,558 - easytorch-training - INFO - Evaluate best model on test data for horizon 4, Test MAE: 19.1842, Test RMSE: 31.0542, Test MAPE: 0.1364
2026-06-03 02:16:37,560 - easytorch-training - INFO - Evaluate best model on test data for horizon 5, Test MAE: 19.3524, Test RMSE: 31.3579, Test MAPE: 0.1370
2026-06-03 02:16:37,563 - easytorch-training - INFO - Evaluate best model on test data for horizon 6, Test MAE: 19.4735, Test RMSE: 31.5997, Test MAPE: 0.1384
2026-06-03 02:16:37,565 - easytorch-training - INFO - Evaluate best model on test data for horizon 7, Test MAE: 19.7032, Test RMSE: 31.9242, Test MAPE: 0.1390
2026-06-03 02:16:37,568 - easytorch-training - INFO - Evaluate best model on test data for horizon 8, Test MAE: 19.7841, Test RMSE: 32.1402, Test MAPE: 0.1423
2026-06-03 02:16:37,570 - easytorch-training - INFO - Evaluate best model on test data for horizon 9, Test MAE: 19.9485, Test RMSE: 32.4242, Test MAPE: 0.1415
2026-06-03 02:16:37,573 - easytorch-training - INFO - Evaluate best model on test data for horizon 10, Test MAE: 20.1720, Test RMSE: 32.6890, Test MAPE: 0.1420
2026-06-03 02:16:37,575 - easytorch-training - INFO - Evaluate best model on test data for horizon 11, Test MAE: 20.4153, Test RMSE: 32.9985, Test MAPE: 0.1435
2026-06-03 02:16:37,578 - easytorch-training - INFO - Evaluate best model on test data for horizon 12, Test MAE: 20.5731, Test RMSE: 33.2951, Test MAPE: 0.1459
2026-06-03 02:16:37,674 - easytorch-training - INFO - Result <test>: [test_time: 1.25 (s), test_MAE: 19.6420, test_RMSE: 31.7449, test_MAPE: 0.1396]
2026-06-03 02:16:37,697 - easytorch-training - INFO - Checkpoint checkpoints/KASA_v2_100_v3_base_mapper_plus_prior_kan_seed4/e8933f7750d7f87c085bb283f9c53551/KASA_v2_092.pt saved
2026-06-03 02:16:37,698 - easytorch-training - INFO - The estimated training finish time is 2026-06-03 02:18:15
2026-06-03 02:16:37,698 - easytorch-training - INFO - Epoch 93 / 100
2026-06-03 02:16:47,587 - easytorch-training - INFO - Result <train>: [train_time: 9.89 (s), lr: 1.25e-04, train_MAE: 18.6445, train_RMSE: 30.2075, train_MAPE: 0.1457]
2026-06-03 02:16:47,588 - easytorch-training - INFO - Start validation.
2026-06-03 02:16:48,316 - easytorch-training - INFO - Result <val>: [val_time: 0.73 (s), val_MAE: 19.0531, val_RMSE: 29.3089, val_MAPE: 0.1373]
2026-06-03 02:16:49,432 - easytorch-training - INFO - Evaluate best model on test data for horizon 1, Test MAE: 18.6798, Test RMSE: 29.8279, Test MAPE: 0.1371
2026-06-03 02:16:49,435 - easytorch-training - INFO - Evaluate best model on test data for horizon 2, Test MAE: 18.8591, Test RMSE: 30.2910, Test MAPE: 0.1389
2026-06-03 02:16:49,437 - easytorch-training - INFO - Evaluate best model on test data for horizon 3, Test MAE: 19.2347, Test RMSE: 30.8657, Test MAPE: 0.1364
2026-06-03 02:16:49,440 - easytorch-training - INFO - Evaluate best model on test data for horizon 4, Test MAE: 19.1782, Test RMSE: 31.0212, Test MAPE: 0.1387
2026-06-03 02:16:49,442 - easytorch-training - INFO - Evaluate best model on test data for horizon 5, Test MAE: 19.3217, Test RMSE: 31.3099, Test MAPE: 0.1398
2026-06-03 02:16:49,445 - easytorch-training - INFO - Evaluate best model on test data for horizon 6, Test MAE: 19.4522, Test RMSE: 31.5735, Test MAPE: 0.1396
2026-06-03 02:16:49,447 - easytorch-training - INFO - Evaluate best model on test data for horizon 7, Test MAE: 19.6325, Test RMSE: 31.8584, Test MAPE: 0.1422
2026-06-03 02:16:49,449 - easytorch-training - INFO - Evaluate best model on test data for horizon 8, Test MAE: 19.8487, Test RMSE: 32.1448, Test MAPE: 0.1458
2026-06-03 02:16:49,452 - easytorch-training - INFO - Evaluate best model on test data for horizon 9, Test MAE: 19.9861, Test RMSE: 32.3950, Test MAPE: 0.1458
2026-06-03 02:16:49,454 - easytorch-training - INFO - Evaluate best model on test data for horizon 10, Test MAE: 20.1358, Test RMSE: 32.6340, Test MAPE: 0.1466
2026-06-03 02:16:49,457 - easytorch-training - INFO - Evaluate best model on test data for horizon 11, Test MAE: 20.4190, Test RMSE: 32.9484, Test MAPE: 0.1530
2026-06-03 02:16:49,459 - easytorch-training - INFO - Evaluate best model on test data for horizon 12, Test MAE: 20.6440, Test RMSE: 33.2801, Test MAPE: 0.1527
2026-06-03 02:16:49,554 - easytorch-training - INFO - Result <test>: [test_time: 1.24 (s), test_MAE: 19.6160, test_RMSE: 31.6955, test_MAPE: 0.1430]
2026-06-03 02:16:49,577 - easytorch-training - INFO - Checkpoint checkpoints/KASA_v2_100_v3_base_mapper_plus_prior_kan_seed4/e8933f7750d7f87c085bb283f9c53551/KASA_v2_093.pt saved
2026-06-03 02:16:49,578 - easytorch-training - INFO - The estimated training finish time is 2026-06-03 02:18:15
2026-06-03 02:16:49,578 - easytorch-training - INFO - Epoch 94 / 100
2026-06-03 02:16:59,570 - easytorch-training - INFO - Result <train>: [train_time: 9.99 (s), lr: 1.25e-04, train_MAE: 18.6327, train_RMSE: 30.1879, train_MAPE: 0.1455]
2026-06-03 02:16:59,572 - easytorch-training - INFO - Start validation.
2026-06-03 02:17:00,340 - easytorch-training - INFO - Result <val>: [val_time: 0.77 (s), val_MAE: 19.1839, val_RMSE: 29.4131, val_MAPE: 0.1328]
2026-06-03 02:17:01,474 - easytorch-training - INFO - Evaluate best model on test data for horizon 1, Test MAE: 18.7009, Test RMSE: 29.8719, Test MAPE: 0.1333
2026-06-03 02:17:01,477 - easytorch-training - INFO - Evaluate best model on test data for horizon 2, Test MAE: 18.9043, Test RMSE: 30.3710, Test MAPE: 0.1342
2026-06-03 02:17:01,480 - easytorch-training - INFO - Evaluate best model on test data for horizon 3, Test MAE: 19.2912, Test RMSE: 30.8961, Test MAPE: 0.1373
2026-06-03 02:17:01,482 - easytorch-training - INFO - Evaluate best model on test data for horizon 4, Test MAE: 19.2470, Test RMSE: 31.0905, Test MAPE: 0.1362
2026-06-03 02:17:01,484 - easytorch-training - INFO - Evaluate best model on test data for horizon 5, Test MAE: 19.5183, Test RMSE: 31.4631, Test MAPE: 0.1374
2026-06-03 02:17:01,487 - easytorch-training - INFO - Evaluate best model on test data for horizon 6, Test MAE: 19.5850, Test RMSE: 31.6766, Test MAPE: 0.1379
2026-06-03 02:17:01,489 - easytorch-training - INFO - Evaluate best model on test data for horizon 7, Test MAE: 19.7103, Test RMSE: 31.9327, Test MAPE: 0.1389
2026-06-03 02:17:01,492 - easytorch-training - INFO - Evaluate best model on test data for horizon 8, Test MAE: 19.9501, Test RMSE: 32.2423, Test MAPE: 0.1399
2026-06-03 02:17:01,494 - easytorch-training - INFO - Evaluate best model on test data for horizon 9, Test MAE: 20.2752, Test RMSE: 32.6123, Test MAPE: 0.1419
2026-06-03 02:17:01,497 - easytorch-training - INFO - Evaluate best model on test data for horizon 10, Test MAE: 20.4198, Test RMSE: 32.8320, Test MAPE: 0.1427
2026-06-03 02:17:01,499 - easytorch-training - INFO - Evaluate best model on test data for horizon 11, Test MAE: 20.5659, Test RMSE: 33.0921, Test MAPE: 0.1439
2026-06-03 02:17:01,502 - easytorch-training - INFO - Evaluate best model on test data for horizon 12, Test MAE: 20.9003, Test RMSE: 33.4818, Test MAPE: 0.1459
2026-06-03 02:17:01,590 - easytorch-training - INFO - Result <test>: [test_time: 1.25 (s), test_MAE: 19.7557, test_RMSE: 31.8148, test_MAPE: 0.1391]
2026-06-03 02:17:01,614 - easytorch-training - INFO - Checkpoint checkpoints/KASA_v2_100_v3_base_mapper_plus_prior_kan_seed4/e8933f7750d7f87c085bb283f9c53551/KASA_v2_094.pt saved
2026-06-03 02:17:01,614 - easytorch-training - INFO - The estimated training finish time is 2026-06-03 02:18:15
2026-06-03 02:17:01,614 - easytorch-training - INFO - Epoch 95 / 100
2026-06-03 02:17:11,794 - easytorch-training - INFO - Result <train>: [train_time: 10.18 (s), lr: 1.25e-04, train_MAE: 18.6441, train_RMSE: 30.1886, train_MAPE: 0.1457]
2026-06-03 02:17:11,796 - easytorch-training - INFO - Start validation.
2026-06-03 02:17:12,582 - easytorch-training - INFO - Result <val>: [val_time: 0.79 (s), val_MAE: 19.0212, val_RMSE: 29.3207, val_MAPE: 0.1344]
2026-06-03 02:17:13,719 - easytorch-training - INFO - Evaluate best model on test data for horizon 1, Test MAE: 18.6846, Test RMSE: 29.8410, Test MAPE: 0.1372
2026-06-03 02:17:13,722 - easytorch-training - INFO - Evaluate best model on test data for horizon 2, Test MAE: 18.8280, Test RMSE: 30.2990, Test MAPE: 0.1371
2026-06-03 02:17:13,724 - easytorch-training - INFO - Evaluate best model on test data for horizon 3, Test MAE: 19.2073, Test RMSE: 30.8200, Test MAPE: 0.1370
2026-06-03 02:17:13,727 - easytorch-training - INFO - Evaluate best model on test data for horizon 4, Test MAE: 19.1586, Test RMSE: 31.0163, Test MAPE: 0.1379
2026-06-03 02:17:13,729 - easytorch-training - INFO - Evaluate best model on test data for horizon 5, Test MAE: 19.2870, Test RMSE: 31.3103, Test MAPE: 0.1381
2026-06-03 02:17:13,731 - easytorch-training - INFO - Evaluate best model on test data for horizon 6, Test MAE: 19.4850, Test RMSE: 31.5858, Test MAPE: 0.1421
2026-06-03 02:17:13,734 - easytorch-training - INFO - Evaluate best model on test data for horizon 7, Test MAE: 19.6133, Test RMSE: 31.8708, Test MAPE: 0.1396
2026-06-03 02:17:13,736 - easytorch-training - INFO - Evaluate best model on test data for horizon 8, Test MAE: 19.7736, Test RMSE: 32.1199, Test MAPE: 0.1414
2026-06-03 02:17:13,739 - easytorch-training - INFO - Evaluate best model on test data for horizon 9, Test MAE: 19.9491, Test RMSE: 32.4046, Test MAPE: 0.1428
2026-06-03 02:17:13,741 - easytorch-training - INFO - Evaluate best model on test data for horizon 10, Test MAE: 20.1109, Test RMSE: 32.6442, Test MAPE: 0.1432
2026-06-03 02:17:13,743 - easytorch-training - INFO - Evaluate best model on test data for horizon 11, Test MAE: 20.3038, Test RMSE: 32.9266, Test MAPE: 0.1450
2026-06-03 02:17:13,746 - easytorch-training - INFO - Evaluate best model on test data for horizon 12, Test MAE: 20.5878, Test RMSE: 33.2870, Test MAPE: 0.1449
2026-06-03 02:17:13,843 - easytorch-training - INFO - Result <test>: [test_time: 1.26 (s), test_MAE: 19.5824, test_RMSE: 31.6935, test_MAPE: 0.1405]
2026-06-03 02:17:13,866 - easytorch-training - INFO - Checkpoint checkpoints/KASA_v2_100_v3_base_mapper_plus_prior_kan_seed4/e8933f7750d7f87c085bb283f9c53551/KASA_v2_095.pt saved
2026-06-03 02:17:13,866 - easytorch-training - INFO - The estimated training finish time is 2026-06-03 02:18:15
2026-06-03 02:17:13,866 - easytorch-training - INFO - Epoch 96 / 100
2026-06-03 02:17:23,815 - easytorch-training - INFO - Result <train>: [train_time: 9.95 (s), lr: 6.25e-05, train_MAE: 18.5865, train_RMSE: 30.1365, train_MAPE: 0.1449]
2026-06-03 02:17:23,816 - easytorch-training - INFO - Start validation.
2026-06-03 02:17:24,614 - easytorch-training - INFO - Result <val>: [val_time: 0.80 (s), val_MAE: 19.0152, val_RMSE: 29.3095, val_MAPE: 0.1327]
2026-06-03 02:17:25,760 - easytorch-training - INFO - Evaluate best model on test data for horizon 1, Test MAE: 18.6751, Test RMSE: 29.8467, Test MAPE: 0.1342
2026-06-03 02:17:25,763 - easytorch-training - INFO - Evaluate best model on test data for horizon 2, Test MAE: 18.8816, Test RMSE: 30.3479, Test MAPE: 0.1341
2026-06-03 02:17:25,765 - easytorch-training - INFO - Evaluate best model on test data for horizon 3, Test MAE: 19.2350, Test RMSE: 30.8187, Test MAPE: 0.1392
2026-06-03 02:17:25,768 - easytorch-training - INFO - Evaluate best model on test data for horizon 4, Test MAE: 19.1723, Test RMSE: 31.0346, Test MAPE: 0.1371
2026-06-03 02:17:25,770 - easytorch-training - INFO - Evaluate best model on test data for horizon 5, Test MAE: 19.2994, Test RMSE: 31.3194, Test MAPE: 0.1371
2026-06-03 02:17:25,773 - easytorch-training - INFO - Evaluate best model on test data for horizon 6, Test MAE: 19.4799, Test RMSE: 31.6101, Test MAPE: 0.1379
2026-06-03 02:17:25,775 - easytorch-training - INFO - Evaluate best model on test data for horizon 7, Test MAE: 19.6261, Test RMSE: 31.8722, Test MAPE: 0.1393
2026-06-03 02:17:25,777 - easytorch-training - INFO - Evaluate best model on test data for horizon 8, Test MAE: 19.7585, Test RMSE: 32.1221, Test MAPE: 0.1400
2026-06-03 02:17:25,780 - easytorch-training - INFO - Evaluate best model on test data for horizon 9, Test MAE: 19.9602, Test RMSE: 32.4152, Test MAPE: 0.1409
2026-06-03 02:17:25,782 - easytorch-training - INFO - Evaluate best model on test data for horizon 10, Test MAE: 20.1203, Test RMSE: 32.6604, Test MAPE: 0.1417
2026-06-03 02:17:25,785 - easytorch-training - INFO - Evaluate best model on test data for horizon 11, Test MAE: 20.3379, Test RMSE: 32.9465, Test MAPE: 0.1430
2026-06-03 02:17:25,787 - easytorch-training - INFO - Evaluate best model on test data for horizon 12, Test MAE: 20.6375, Test RMSE: 33.3248, Test MAPE: 0.1446
2026-06-03 02:17:25,879 - easytorch-training - INFO - Result <test>: [test_time: 1.26 (s), test_MAE: 19.5987, test_RMSE: 31.7096, test_MAPE: 0.1391]
2026-06-03 02:17:25,902 - easytorch-training - INFO - Checkpoint checkpoints/KASA_v2_100_v3_base_mapper_plus_prior_kan_seed4/e8933f7750d7f87c085bb283f9c53551/KASA_v2_096.pt saved
2026-06-03 02:17:25,902 - easytorch-training - INFO - The estimated training finish time is 2026-06-03 02:18:14
2026-06-03 02:17:25,902 - easytorch-training - INFO - Epoch 97 / 100
2026-06-03 02:17:36,095 - easytorch-training - INFO - Result <train>: [train_time: 10.19 (s), lr: 6.25e-05, train_MAE: 18.5807, train_RMSE: 30.1362, train_MAPE: 0.1450]
2026-06-03 02:17:36,097 - easytorch-training - INFO - Start validation.
2026-06-03 02:17:36,867 - easytorch-training - INFO - Result <val>: [val_time: 0.77 (s), val_MAE: 18.9817, val_RMSE: 29.2606, val_MAPE: 0.1353]
2026-06-03 02:17:36,937 - easytorch-training - INFO - Checkpoint checkpoints/KASA_v2_100_v3_base_mapper_plus_prior_kan_seed4/e8933f7750d7f87c085bb283f9c53551/KASA_v2_best_val_MAE.pt saved
2026-06-03 02:17:38,075 - easytorch-training - INFO - Evaluate best model on test data for horizon 1, Test MAE: 18.6425, Test RMSE: 29.8141, Test MAPE: 0.1343
2026-06-03 02:17:38,078 - easytorch-training - INFO - Evaluate best model on test data for horizon 2, Test MAE: 18.8002, Test RMSE: 30.2576, Test MAPE: 0.1361
2026-06-03 02:17:38,080 - easytorch-training - INFO - Evaluate best model on test data for horizon 3, Test MAE: 19.2504, Test RMSE: 30.8443, Test MAPE: 0.1373
2026-06-03 02:17:38,082 - easytorch-training - INFO - Evaluate best model on test data for horizon 4, Test MAE: 19.1360, Test RMSE: 30.9882, Test MAPE: 0.1388
2026-06-03 02:17:38,085 - easytorch-training - INFO - Evaluate best model on test data for horizon 5, Test MAE: 19.2694, Test RMSE: 31.2793, Test MAPE: 0.1393
2026-06-03 02:17:38,087 - easytorch-training - INFO - Evaluate best model on test data for horizon 6, Test MAE: 19.4299, Test RMSE: 31.5634, Test MAPE: 0.1405
2026-06-03 02:17:38,090 - easytorch-training - INFO - Evaluate best model on test data for horizon 7, Test MAE: 19.6112, Test RMSE: 31.8474, Test MAPE: 0.1423
2026-06-03 02:17:38,092 - easytorch-training - INFO - Evaluate best model on test data for horizon 8, Test MAE: 19.7432, Test RMSE: 32.0996, Test MAPE: 0.1424
2026-06-03 02:17:38,095 - easytorch-training - INFO - Evaluate best model on test data for horizon 9, Test MAE: 19.9529, Test RMSE: 32.3892, Test MAPE: 0.1449
2026-06-03 02:17:38,097 - easytorch-training - INFO - Evaluate best model on test data for horizon 10, Test MAE: 20.1002, Test RMSE: 32.6253, Test MAPE: 0.1452
2026-06-03 02:17:38,100 - easytorch-training - INFO - Evaluate best model on test data for horizon 11, Test MAE: 20.3409, Test RMSE: 32.9357, Test MAPE: 0.1495
2026-06-03 02:17:38,102 - easytorch-training - INFO - Evaluate best model on test data for horizon 12, Test MAE: 20.5975, Test RMSE: 33.2747, Test MAPE: 0.1507
2026-06-03 02:17:38,197 - easytorch-training - INFO - Result <test>: [test_time: 1.26 (s), test_MAE: 19.5729, test_RMSE: 31.6765, test_MAPE: 0.1418]
2026-06-03 02:17:38,221 - easytorch-training - INFO - Checkpoint checkpoints/KASA_v2_100_v3_base_mapper_plus_prior_kan_seed4/e8933f7750d7f87c085bb283f9c53551/KASA_v2_097.pt saved
2026-06-03 02:17:38,221 - easytorch-training - INFO - The estimated training finish time is 2026-06-03 02:18:14
2026-06-03 02:17:38,221 - easytorch-training - INFO - Epoch 98 / 100
2026-06-03 02:17:48,072 - easytorch-training - INFO - Result <train>: [train_time: 9.85 (s), lr: 6.25e-05, train_MAE: 18.5930, train_RMSE: 30.1484, train_MAPE: 0.1451]
2026-06-03 02:17:48,074 - easytorch-training - INFO - Start validation.
2026-06-03 02:17:48,831 - easytorch-training - INFO - Result <val>: [val_time: 0.76 (s), val_MAE: 18.9718, val_RMSE: 29.2497, val_MAPE: 0.1325]
2026-06-03 02:17:48,879 - easytorch-training - INFO - Checkpoint checkpoints/KASA_v2_100_v3_base_mapper_plus_prior_kan_seed4/e8933f7750d7f87c085bb283f9c53551/KASA_v2_best_val_MAE.pt saved
2026-06-03 02:17:50,002 - easytorch-training - INFO - Evaluate best model on test data for horizon 1, Test MAE: 18.6334, Test RMSE: 29.7996, Test MAPE: 0.1335
2026-06-03 02:17:50,004 - easytorch-training - INFO - Evaluate best model on test data for horizon 2, Test MAE: 18.8016, Test RMSE: 30.2669, Test MAPE: 0.1346
2026-06-03 02:17:50,007 - easytorch-training - INFO - Evaluate best model on test data for horizon 3, Test MAE: 19.2254, Test RMSE: 30.8164, Test MAPE: 0.1371
2026-06-03 02:17:50,009 - easytorch-training - INFO - Evaluate best model on test data for horizon 4, Test MAE: 19.1241, Test RMSE: 30.9804, Test MAPE: 0.1364
2026-06-03 02:17:50,012 - easytorch-training - INFO - Evaluate best model on test data for horizon 5, Test MAE: 19.2651, Test RMSE: 31.2749, Test MAPE: 0.1372
2026-06-03 02:17:50,014 - easytorch-training - INFO - Evaluate best model on test data for horizon 6, Test MAE: 19.4039, Test RMSE: 31.5343, Test MAPE: 0.1382
2026-06-03 02:17:50,016 - easytorch-training - INFO - Evaluate best model on test data for horizon 7, Test MAE: 19.5750, Test RMSE: 31.8186, Test MAPE: 0.1388
2026-06-03 02:17:50,019 - easytorch-training - INFO - Evaluate best model on test data for horizon 8, Test MAE: 19.7239, Test RMSE: 32.0743, Test MAPE: 0.1396
2026-06-03 02:17:50,021 - easytorch-training - INFO - Evaluate best model on test data for horizon 9, Test MAE: 19.8969, Test RMSE: 32.3492, Test MAPE: 0.1413
2026-06-03 02:17:50,024 - easytorch-training - INFO - Evaluate best model on test data for horizon 10, Test MAE: 20.0950, Test RMSE: 32.6130, Test MAPE: 0.1414
2026-06-03 02:17:50,026 - easytorch-training - INFO - Evaluate best model on test data for horizon 11, Test MAE: 20.2591, Test RMSE: 32.8793, Test MAPE: 0.1439
2026-06-03 02:17:50,028 - easytorch-training - INFO - Evaluate best model on test data for horizon 12, Test MAE: 20.5409, Test RMSE: 33.2332, Test MAPE: 0.1449
2026-06-03 02:17:50,124 - easytorch-training - INFO - Result <test>: [test_time: 1.25 (s), test_MAE: 19.5454, test_RMSE: 31.6529, test_MAPE: 0.1389]
2026-06-03 02:17:50,147 - easytorch-training - INFO - Checkpoint checkpoints/KASA_v2_100_v3_base_mapper_plus_prior_kan_seed4/e8933f7750d7f87c085bb283f9c53551/KASA_v2_098.pt saved
2026-06-03 02:17:50,148 - easytorch-training - INFO - The estimated training finish time is 2026-06-03 02:18:14
2026-06-03 02:17:50,148 - easytorch-training - INFO - Epoch 99 / 100
2026-06-03 02:18:00,321 - easytorch-training - INFO - Result <train>: [train_time: 10.17 (s), lr: 6.25e-05, train_MAE: 18.5819, train_RMSE: 30.1293, train_MAPE: 0.1449]
2026-06-03 02:18:00,322 - easytorch-training - INFO - Start validation.
2026-06-03 02:18:01,089 - easytorch-training - INFO - Result <val>: [val_time: 0.77 (s), val_MAE: 19.0066, val_RMSE: 29.2979, val_MAPE: 0.1319]
2026-06-03 02:18:02,224 - easytorch-training - INFO - Evaluate best model on test data for horizon 1, Test MAE: 18.6226, Test RMSE: 29.7952, Test MAPE: 0.1331
2026-06-03 02:18:02,226 - easytorch-training - INFO - Evaluate best model on test data for horizon 2, Test MAE: 18.7893, Test RMSE: 30.2663, Test MAPE: 0.1339
2026-06-03 02:18:02,229 - easytorch-training - INFO - Evaluate best model on test data for horizon 3, Test MAE: 19.1419, Test RMSE: 30.7416, Test MAPE: 0.1371
2026-06-03 02:18:02,231 - easytorch-training - INFO - Evaluate best model on test data for horizon 4, Test MAE: 19.1180, Test RMSE: 31.0111, Test MAPE: 0.1360
2026-06-03 02:18:02,233 - easytorch-training - INFO - Evaluate best model on test data for horizon 5, Test MAE: 19.2785, Test RMSE: 31.3089, Test MAPE: 0.1364
2026-06-03 02:18:02,236 - easytorch-training - INFO - Evaluate best model on test data for horizon 6, Test MAE: 19.4725, Test RMSE: 31.5970, Test MAPE: 0.1373
2026-06-03 02:18:02,238 - easytorch-training - INFO - Evaluate best model on test data for horizon 7, Test MAE: 19.6458, Test RMSE: 31.8729, Test MAPE: 0.1383
2026-06-03 02:18:02,241 - easytorch-training - INFO - Evaluate best model on test data for horizon 8, Test MAE: 19.7740, Test RMSE: 32.1210, Test MAPE: 0.1390
2026-06-03 02:18:02,243 - easytorch-training - INFO - Evaluate best model on test data for horizon 9, Test MAE: 19.9665, Test RMSE: 32.4105, Test MAPE: 0.1402
2026-06-03 02:18:02,246 - easytorch-training - INFO - Evaluate best model on test data for horizon 10, Test MAE: 20.1636, Test RMSE: 32.6701, Test MAPE: 0.1412
2026-06-03 02:18:02,248 - easytorch-training - INFO - Evaluate best model on test data for horizon 11, Test MAE: 20.3604, Test RMSE: 32.9507, Test MAPE: 0.1426
2026-06-03 02:18:02,251 - easytorch-training - INFO - Evaluate best model on test data for horizon 12, Test MAE: 20.6421, Test RMSE: 33.3152, Test MAPE: 0.1444
2026-06-03 02:18:02,338 - easytorch-training - INFO - Result <test>: [test_time: 1.25 (s), test_MAE: 19.5813, test_RMSE: 31.6889, test_MAPE: 0.1383]
2026-06-03 02:18:02,362 - easytorch-training - INFO - Checkpoint checkpoints/KASA_v2_100_v3_base_mapper_plus_prior_kan_seed4/e8933f7750d7f87c085bb283f9c53551/KASA_v2_099.pt saved
2026-06-03 02:18:02,362 - easytorch-training - INFO - The estimated training finish time is 2026-06-03 02:18:14
2026-06-03 02:18:02,362 - easytorch-training - INFO - Epoch 100 / 100
2026-06-03 02:18:12,317 - easytorch-training - INFO - Result <train>: [train_time: 9.95 (s), lr: 6.25e-05, train_MAE: 18.5828, train_RMSE: 30.1282, train_MAPE: 0.1449]
2026-06-03 02:18:12,319 - easytorch-training - INFO - Start validation.
2026-06-03 02:18:13,094 - easytorch-training - INFO - Result <val>: [val_time: 0.77 (s), val_MAE: 18.9302, val_RMSE: 29.2337, val_MAPE: 0.1337]
2026-06-03 02:18:13,143 - easytorch-training - INFO - Checkpoint checkpoints/KASA_v2_100_v3_base_mapper_plus_prior_kan_seed4/e8933f7750d7f87c085bb283f9c53551/KASA_v2_best_val_MAE.pt saved
2026-06-03 02:18:14,246 - easytorch-training - INFO - Evaluate best model on test data for horizon 1, Test MAE: 18.6488, Test RMSE: 29.8131, Test MAPE: 0.1358
2026-06-03 02:18:14,249 - easytorch-training - INFO - Evaluate best model on test data for horizon 2, Test MAE: 18.7886, Test RMSE: 30.2729, Test MAPE: 0.1360
2026-06-03 02:18:14,252 - easytorch-training - INFO - Evaluate best model on test data for horizon 3, Test MAE: 19.1358, Test RMSE: 30.7654, Test MAPE: 0.1372
2026-06-03 02:18:14,256 - easytorch-training - INFO - Evaluate best model on test data for horizon 4, Test MAE: 19.1170, Test RMSE: 30.9957, Test MAPE: 0.1371
2026-06-03 02:18:14,259 - easytorch-training - INFO - Evaluate best model on test data for horizon 5, Test MAE: 19.2651, Test RMSE: 31.3001, Test MAPE: 0.1378
2026-06-03 02:18:14,262 - easytorch-training - INFO - Evaluate best model on test data for horizon 6, Test MAE: 19.3979, Test RMSE: 31.5596, Test MAPE: 0.1392
2026-06-03 02:18:14,265 - easytorch-training - INFO - Evaluate best model on test data for horizon 7, Test MAE: 19.5807, Test RMSE: 31.8629, Test MAPE: 0.1395
2026-06-03 02:18:14,269 - easytorch-training - INFO - Evaluate best model on test data for horizon 8, Test MAE: 19.7158, Test RMSE: 32.1078, Test MAPE: 0.1410
2026-06-03 02:18:14,272 - easytorch-training - INFO - Evaluate best model on test data for horizon 9, Test MAE: 19.9003, Test RMSE: 32.3912, Test MAPE: 0.1437
2026-06-03 02:18:14,275 - easytorch-training - INFO - Evaluate best model on test data for horizon 10, Test MAE: 20.0292, Test RMSE: 32.6093, Test MAPE: 0.1435
2026-06-03 02:18:14,277 - easytorch-training - INFO - Evaluate best model on test data for horizon 11, Test MAE: 20.2358, Test RMSE: 32.9034, Test MAPE: 0.1445
2026-06-03 02:18:14,280 - easytorch-training - INFO - Evaluate best model on test data for horizon 12, Test MAE: 20.4965, Test RMSE: 33.2550, Test MAPE: 0.1460
2026-06-03 02:18:14,375 - easytorch-training - INFO - Result <test>: [test_time: 1.23 (s), test_MAE: 19.5260, test_RMSE: 31.6695, test_MAPE: 0.1401]
2026-06-03 02:18:14,398 - easytorch-training - INFO - Checkpoint checkpoints/KASA_v2_100_v3_base_mapper_plus_prior_kan_seed4/e8933f7750d7f87c085bb283f9c53551/KASA_v2_100.pt saved
2026-06-03 02:18:14,411 - easytorch-training - INFO - The training finished at 2026-06-03 02:18:14
